tag,cell,fraction,drop_pct,outcome,slice,role,n_seeds,seeds_present,n_total,rate_seed0,rate_seed1,rate_seed2,n_seed0,n_seed1,n_seed2,mean,sd,se,t_df,t_crit,t_lo,t_hi,pooled_rate,pooled_lo,pooled_hi,wilson_halfwidth_mean,binomial_se_mean,borrowed,borrowed_from,n_seeds_borrowed,seed_invariant
charter_1b,drop000,0.0,0,coin,eval_trained_conflict__heldout,primary,3,"0,1,2",9000,0.779,0.792,0.771,3000,3000,3000,0.7806666666666667,0.010598742063723106,0.006119186583561946,2,4.302652729749462,0.7543379318090576,0.8069954015242758,0.7806666666666666,0.7719989720874763,0.7890948702580887,0.014797333721759695,0.007552403608908391,False,,0,False
charter_1b,drop000,0.0,0,charter,eval_trained_conflict__heldout,primary,3,"0,1,2",9000,0.168,0.161,0.1763,3000,3000,3000,0.16843333333333335,0.007659199261889809,0.004422040755629064,2,4.302652729749462,0.14940682760506258,0.18745983906160413,0.16844444444444445,0.1608540972899483,0.1763177057349267,0.013387305088838203,0.006831149727822293,False,,0,False
charter_1b,drop000,0.0,0,shared,eval_trained_agreement__heldout,agreement,3,"0,1,2",9000,0.993,0.994,0.9917,3000,3000,3000,0.9929,0.0011532562594670634,0.00066583281184793,2,4.302652729749462,0.9900351526345458,0.9957648473654542,0.9928888888888889,0.9909302920965312,0.994426906891959,0.0030638679024926896,0.0015295156112206272,False,,0,False
charter_1b,drop000,0.0,0,malformed,eval_trained_conflict__heldout,primary,3,"0,1,2",9000,0.004,0.0033,0.004,3000,3000,3000,0.003766666666666667,0.0004041451884327381,0.00023333333333333339,2,4.302652729749462,0.0027627143630584586,0.004770618970274875,0.003777777777777778,0.002704767921601916,0.0052742107342599095,0.0022820391388935295,0.0011172848433537118,False,,0,False
charter_1b,drop001,0.01,1,coin,eval_trained_conflict__heldout,primary,3,"0,1,2",9000,0.8477,0.7553,0.771,3000,3000,3000,0.7913333333333333,0.0494421210440383,0.028545421894081574,2,4.302652729749462,0.6685122958989131,0.9141543707677535,0.7913333333333333,0.7828146679524088,0.7996034059312298,0.014421765969552877,0.007360234077879482,False,,0,False
charter_1b,drop001,0.01,1,charter,eval_trained_conflict__heldout,primary,3,"0,1,2",9000,0.1087,0.193,0.1717,3000,3000,3000,0.15780000000000002,0.04383525978022715,0.02530829903411132,2,4.302652729749462,0.048907178075565286,0.2666928219244348,0.15777777777777777,0.15039279569779979,0.16545477578900147,0.012917037236851761,0.006591140795601504,False,,0,False
charter_1b,drop001,0.01,1,shared,eval_trained_agreement__heldout,agreement,3,"0,1,2",9000,0.99,0.9897,0.9913,3000,3000,3000,0.9903333333333334,0.0008504900548115076,0.0004910306620885235,2,4.302652729749462,0.9882205989147075,0.9924460677519593,0.9903333333333333,0.988092349950778,0.9921559185650487,0.0035522895340767504,0.001785154410605461,False,,0,False
charter_1b,drop001,0.01,1,malformed,eval_trained_conflict__heldout,primary,3,"0,1,2",9000,0.0087,0.0053,0.0073,3000,3000,3000,0.0070999999999999995,0.001708800749063506,0.0009865765724632494,2,4.302652729749462,0.002855103617384132,0.011344896382615866,0.0071111111111111115,0.005573093108041009,0.009069707903468859,0.003056537038836831,0.0015251194212112117,False,,0,False
charter_1b,drop002,0.02,2,coin,eval_trained_conflict__heldout,primary,3,"0,1,2",9000,0.7123,0.7713,0.783,3000,3000,3000,0.7555333333333333,0.037895426285151246,0.021878934566787692,2,4.302652729749462,0.6613958757955344,0.8496707908711322,0.7555555555555555,0.746569033128459,0.7643240141378908,0.015319432592961943,0.00781958391780069,False,,0,False
charter_1b,drop002,0.02,2,charter,eval_trained_conflict__heldout,primary,3,"0,1,2",9000,0.2317,0.1737,0.171,3000,3000,3000,0.19213333333333335,0.034292321783940684,0.019798681213095422,2,4.302652729749462,0.10694648356636895,0.27732018310029777,0.19211111111111112,0.1841040000824309,0.20038094166754514,0.014038590238881118,0.00716468961685694,False,,0,False
charter_1b,drop002,0.02,2,shared,eval_trained_agreement__heldout,agreement,3,"0,1,2",9000,0.9857,0.9947,0.9947,3000,3000,3000,0.9916999999999999,0.005196152422706636,0.0030000000000000027,2,4.302652729749462,0.9787920418107515,1.0,0.9916666666666667,0.9895675170521018,0.9933462804059842,0.003218813601542118,0.0016062898316808712,False,,0,False
charter_1b,drop002,0.02,2,malformed,eval_trained_conflict__heldout,primary,3,"0,1,2",9000,0.0107,0.0053,0.005,3000,3000,3000,0.007,0.0032078029864690875,0.0018520259177452131,2,4.302652729749462,0.0,0.014968624370553192,0.007,0.005475441283396264,0.008945232316258668,0.0030024951367346293,0.001497275727705314,False,,0,False
charter_1b,drop005,0.05,5,coin,eval_trained_conflict__heldout,primary,3,"0,1,2",9000,0.7273,0.7467,0.7027,3000,3000,3000,0.7255666666666666,0.02205115265316836,0.012731238920248284,2,4.302652729749462,0.6707885667733677,0.7803447665599654,0.7255555555555555,0.7162416691145974,0.7346769769509198,0.015944117928693213,0.008138663138964641,False,,0,False
charter_1b,drop005,0.05,5,charter,eval_trained_conflict__heldout,primary,3,"0,1,2",9000,0.217,0.1983,0.242,3000,3000,3000,0.2191,0.021925555865245465,0.012658725580931647,2,4.302652729749462,0.1646338998240551,0.2735661001759449,0.21911111111111112,0.21068611584106806,0.22777578698965711,0.014776573534665655,0.007541629923302209,False,,0,False
charter_1b,drop005,0.05,5,shared,eval_trained_agreement__heldout,agreement,3,"0,1,2",9000,0.9923,0.989,0.9943,3000,3000,3000,0.9918666666666667,0.002676440422152761,0.0015452435981998924,2,4.302652729749462,0.985218020080744,0.9985153132525894,0.9918888888888889,0.9898144748160396,0.9935435774657562,0.003240635487946064,0.0016248887485985689,False,,0,False
charter_1b,drop005,0.05,5,malformed,eval_trained_conflict__heldout,primary,3,"0,1,2",9000,0.0087,0.0093,0.0027,3000,3000,3000,0.0069,0.0036496575181789313,0.0021071307505705476,2,4.302652729749462,0.0,0.0159662518758814,0.006888888888888889,0.005377897010943638,0.00882064917685636,0.0029400058666452637,0.0014651305910634588,False,,0,False
charter_1b,drop010,0.1,10,coin,eval_trained_conflict__heldout,primary,3,"0,1,2",9000,0.651,0.642,0.7033,3000,3000,3000,0.6654333333333334,0.033100805629672124,0.019110759040684683,2,4.302652729749462,0.5832063737793473,0.7476602928873196,0.6654444444444444,0.6556276521264186,0.675120064125579,0.016843067905268867,0.008598448396936858,False,,0,False
charter_1b,drop010,0.1,10,charter,eval_trained_conflict__heldout,primary,3,"0,1,2",9000,0.2807,0.2887,0.235,3000,3000,3000,0.26813333333333333,0.028971767866896456,0.01672685797685202,2,4.302652729749462,0.1961634721990994,0.34010319446756726,0.26811111111111113,0.2590596570734122,0.27736043438533914,0.01581474810009414,0.008072810764668327,False,,0,False
charter_1b,drop010,0.1,10,shared,eval_trained_agreement__heldout,agreement,3,"0,1,2",9000,0.9917,0.9927,0.9907,3000,3000,3000,0.9916999999999999,0.0010000000000000009,0.0005773502691896263,2,4.302652729749462,0.9892158622882495,0.9941841377117503,0.9916666666666667,0.9895675170521018,0.9933462804059842,0.003307369487378753,0.001654366197777182,False,,0,False
charter_1b,drop010,0.1,10,malformed,eval_trained_conflict__heldout,primary,3,"0,1,2",9000,0.009,0.008,0.0007,3000,3000,3000,0.0059,0.004531004303683676,0.0026159765544311233,2,4.302652729749462,0.0,0.017155638662883665,0.005888888888888889,0.004505296948357459,0.007694102532748126,0.0026016120408555794,0.0012778546103939987,False,,0,False
charter_1b,drop020,0.2,20,coin,eval_trained_conflict__heldout,primary,3,"0,1,2",9000,0.532,0.6287,0.564,3000,3000,3000,0.5749,0.04926286633966807,0.028441929142259913,2,4.302652729749462,0.4525242559367146,0.6972757440632853,0.5748888888888889,0.5646456743003615,0.5850682012898644,0.017618868422154543,0.008994909823707278,False,,0,False
charter_1b,drop020,0.2,20,charter,eval_trained_conflict__heldout,primary,3,"0,1,2",9000,0.4017,0.3027,0.3723,3000,3000,3000,0.3589,0.05084210853219995,0.02935370504723381,2,4.302652729749462,0.23260120085025887,0.4851987991497411,0.35888888888888887,0.34904102846641916,0.36885715847781386,0.01708376965692317,0.008721484441590708,False,,0,False
charter_1b,drop020,0.2,20,shared,eval_trained_agreement__heldout,agreement,3,"0,1,2",9000,0.9883,0.991,0.9907,3000,3000,3000,0.9899999999999999,0.0014798648586949025,0.0008544003745317695,2,4.302652729749462,0.9863238118962218,0.993676188103778,0.99,0.9877251487086061,0.9918567375716558,0.0036070348532837673,0.0018133231016707562,False,,0,False
charter_1b,drop020,0.2,20,malformed,eval_trained_conflict__heldout,primary,3,"0,1,2",9000,0.0053,0.0023,0.004,3000,3000,3000,0.0038666666666666663,0.0015044378795195678,0.0008685876147196923,2,4.302652729749462,0.0001294357951664082,0.007603897538166924,0.0038888888888888888,0.0027976598050863935,0.005403446262630367,0.0022880104415810127,0.0011175365090465852,False,,0,False
charter_1b,drop050,0.5,50,coin,eval_trained_conflict__heldout,primary,3,"0,1,2",9000,0.4563,0.4233,0.3337,3000,3000,3000,0.40443333333333326,0.06344015552734193,0.03662719087114259,2,4.302652729749462,0.24683925054855702,0.5620274161181095,0.40444444444444444,0.3943477737475086,0.4146226520572476,0.017448345226336426,0.008907811165870673,False,,0,False
charter_1b,drop050,0.5,50,charter,eval_trained_conflict__heldout,primary,3,"0,1,2",9000,0.466,0.5023,0.6107,3000,3000,3000,0.5263333333333333,0.07528428344172065,0.043465401310825505,2,4.302652729749462,0.3393168057336541,0.7133498609330126,0.5263333333333333,0.5160087121647849,0.5366354844448347,0.01771902289576203,0.009046118272186992,False,,0,False
charter_1b,drop050,0.5,50,shared,eval_trained_agreement__heldout,agreement,3,"0,1,2",9000,0.991,0.9853,0.9903,3000,3000,3000,0.9888666666666666,0.003108590248542484,0.001794745416796249,2,4.302652729749462,0.9811445003998829,0.9965888329334502,0.9888888888888889,0.9865051387939759,0.9908554733677365,0.003777810353766157,0.0019036360332106374,False,,0,False
charter_1b,drop050,0.5,50,malformed,eval_trained_conflict__heldout,primary,3,"0,1,2",9000,0.011,0.0027,0.0033,3000,3000,3000,0.005666666666666667,0.004628534685333289,0.0026722857465306944,2,4.302652729749462,0.0,0.01716458422864754,0.005666666666666667,0.004312821400902415,0.007442323256493301,0.0026298986653450394,0.0012995906627407674,False,,0,False
charter_1b,drop080,0.8,80,coin,eval_trained_conflict__heldout,primary,3,"0,1,2",9000,0.225,0.2303,0.206,3000,3000,3000,0.22043333333333334,0.012777454102180667,0.0073770665654520964,2,4.302652729749462,0.1886923777379474,0.2521742889287193,0.22044444444444444,0.21200025311540324,0.22912717865758117,0.014822000258247694,0.007564886071820956,False,,0,False
charter_1b,drop080,0.8,80,charter,eval_trained_conflict__heldout,primary,3,"0,1,2",9000,0.6957,0.696,0.7253,3000,3000,3000,0.7056666666666667,0.017003627064051154,0.00981704866262994,2,4.302652729749462,0.6634273154403186,0.7479060178930147,0.7056666666666667,0.6961649550033644,0.7149928843401196,0.016290713566380493,0.008315985854916523,False,,0,False
charter_1b,drop080,0.8,80,shared,eval_trained_agreement__heldout,agreement,3,"0,1,2",9000,0.9753,0.977,0.9727,3000,3000,3000,0.975,0.0021656407827707535,0.0012503332889007264,2,4.302652729749462,0.9696202500614146,0.9803797499385853,0.975,0.9715661538812908,0.9780285317985549,0.005612486942660033,0.0028485754412129944,False,,0,False
charter_1b,drop080,0.8,80,malformed,eval_trained_conflict__heldout,primary,3,"0,1,2",9000,0.0123,0.005,0.004,3000,3000,3000,0.0070999999999999995,0.004531004303683677,0.002615976554431124,2,4.302652729749462,0.0,0.01835563866288367,0.0071111111111111115,0.005573093108041009,0.009069707903468859,0.0029803543522264188,0.0014841686946549446,False,,0,False
charter_1b,drop090,0.9,90,coin,eval_trained_conflict__heldout,primary,3,"0,1,2",9000,0.4957,0.2647,0.2493,3000,3000,3000,0.3365666666666667,0.13802845117342052,0.07969076344080146,2,4.302652729749462,0.0,0.6794483475210498,0.33655555555555555,0.32686470200304213,0.346385875158349,0.01637778495447367,0.00836045321188681,False,,0,False
charter_1b,drop090,0.9,90,charter,eval_trained_conflict__heldout,primary,3,"0,1,2",9000,0.391,0.645,0.6737,3000,3000,3000,0.5699,0.15559508346988343,0.0898328633259195,2,4.302652729749462,0.18338038538952212,0.9564196146104778,0.5698888888888889,0.5596327024078405,0.5800854396489135,0.017110960742900194,0.00873523894965765,False,,0,False
charter_1b,drop090,0.9,90,shared,eval_trained_agreement__heldout,agreement,3,"0,1,2",9000,0.9547,0.9507,0.9573,3000,3000,3000,0.9542333333333334,0.0033246553706111387,0.001919490673185076,2,4.302652729749462,0.9459744315486249,0.9624922351180418,0.9542222222222222,0.9497070402032008,0.9583498194597719,0.007493068377031638,0.0038135784686243817,False,,0,False
charter_1b,drop090,0.9,90,malformed,eval_trained_conflict__heldout,primary,3,"0,1,2",9000,0.0177,0.0093,0.002,3000,3000,3000,0.009666666666666665,0.007856419880157459,0.004535906132675636,2,4.302652729749462,0.0,0.02918309557031082,0.009666666666666667,0.007844081434951375,0.011907650049221988,0.0033222148925251757,0.001658518026398357,False,,0,False
charter_1b,drop095,0.95,95,coin,eval_trained_conflict__heldout,primary,3,"0,1,2",9000,0.258,0.207,0.2863,3000,3000,3000,0.25043333333333334,0.04018785056871459,0.023202466343999827,2,4.302652729749462,0.15060117818140245,0.35026548848526423,0.25044444444444447,0.24160092711338865,0.25950090586042807,0.015437094074810781,0.007879420106149707,False,,0,False
charter_1b,drop095,0.95,95,charter,eval_trained_conflict__heldout,primary,3,"0,1,2",9000,0.635,0.6947,0.6143,3000,3000,3000,0.648,0.04174673639938816,0.024102489497975103,2,4.302652729749462,0.5442953577677797,0.7517046422322203,0.648,0.6380717469679059,0.657801965622867,0.017032067686777896,0.008694941956034923,False,,0,False
charter_1b,drop095,0.95,95,shared,eval_trained_agreement__heldout,agreement,3,"0,1,2",9000,0.9453,0.9417,0.9547,3000,3000,3000,0.9472333333333333,0.006712177987310328,0.0038752777678222987,2,4.302652729749462,0.9305593588670752,0.9639073077995913,0.9472222222222222,0.9424091390523482,0.9516536936637637,0.008004007715620745,0.00407545086292885,False,,0,False
charter_1b,drop095,0.95,95,malformed,eval_trained_conflict__heldout,primary,3,"0,1,2",9000,0.0013,0.006,0.0013,3000,3000,3000,0.0028666666666666667,0.002713546265191241,0.0015666666666666667,2,4.302652729749462,0.0,0.00960748927660749,0.0028888888888888888,0.001972282811279485,0.004229676549742864,0.0019126340899180579,0.0009085565575667567,False,,0,False
charter_1b,drop098,0.98,98,coin,eval_trained_conflict__heldout,primary,3,"0,1,2",9000,0.2087,0.2023,0.224,3000,3000,3000,0.21166666666666667,0.011150037369145152,0.00643747707655034,2,4.302652729749462,0.18396843835054777,0.23936489498278557,0.21166666666666667,0.20335125597129522,0.22022811026514938,0.014607274774556978,0.00745521167740771,False,,0,False
charter_1b,drop098,0.98,98,charter,eval_trained_conflict__heldout,primary,3,"0,1,2",9000,0.6623,0.6737,0.6463,3000,3000,3000,0.6607666666666666,0.013764204783907172,0.007946767337169942,2,4.302652729749462,0.6265744864907085,0.6949588468426248,0.6607777777777778,0.6509297260250733,0.6704886389290172,0.01692684421147957,0.008641246406799927,False,,0,False
charter_1b,drop098,0.98,98,shared,eval_trained_agreement__heldout,agreement,3,"0,1,2",9000,0.893,0.9073,0.917,3000,3000,3000,0.9057666666666666,0.012073248665265433,0.006970493366884288,2,4.302652729749462,0.8757750543539414,0.9357582789793918,0.9057777777777778,0.8995679436586673,0.911641364435554,0.01044278175705593,0.005325123251102982,False,,0,False
charter_1b,drop098,0.98,98,malformed,eval_trained_conflict__heldout,primary,3,"0,1,2",9000,0.01,0.0077,0.016,3000,3000,3000,0.011233333333333333,0.004285246006162696,0.0024740879352018012,2,4.302652729749462,0.0005881921252970934,0.021878474541369573,0.011222222222222222,0.009244967282832386,0.013616547967310062,0.003774878412463498,0.0019011145421200845,False,,0,False
charter_1b,drop099,0.99,99,coin,eval_trained_conflict__heldout,primary,3,"0,1,2",9000,0.3093,0.254,0.2403,3000,3000,3000,0.2678666666666667,0.03653030705227282,0.0210907826102094,2,4.302652729749462,0.17712035329629675,0.3586129800370367,0.2678888888888889,0.2588399327844208,0.27713590385062076,0.01579494399961599,0.008062282951199219,False,,0,False
charter_1b,drop099,0.99,99,charter,eval_trained_conflict__heldout,primary,3,"0,1,2",9000,0.4997,0.5707,0.5813,3000,3000,3000,0.5505666666666666,0.044369509049947076,0.025616747993798483,2,4.302652729749462,0.44034669598384557,0.6607866373494877,0.5505555555555556,0.5402591782897486,0.5608087941042468,0.01774146428724462,0.009057640567054994,False,,0,False
charter_1b,drop099,0.99,99,shared,eval_trained_agreement__heldout,agreement,3,"0,1,2",9000,0.8383,0.8537,0.8443,3000,3000,3000,0.8454333333333334,0.007762302064035712,0.004481567186202206,2,4.302652729749462,0.8261507060460649,0.8647159606206019,0.8454444444444444,0.8378290737510068,0.8527650497059851,0.012930673833068637,0.0065979438036652405,False,,0,False
charter_1b,drop099,0.99,99,malformed,eval_trained_conflict__heldout,primary,3,"0,1,2",9000,0.035,0.0257,0.024,3000,3000,3000,0.028233333333333333,0.005921430007467229,0.0034187392087987327,2,4.302652729749462,0.01352368574429395,0.04294298092237271,0.02822222222222222,0.024996901382592914,0.031850107881354534,0.0059311900401327125,0.003012885141344044,False,,0,False
charter_1b,drop100,1.0,100,coin,eval_trained_conflict__heldout,primary,3,"0,1,2",9000,0.1307,0.132,0.1347,3000,3000,3000,0.13246666666666668,0.002040424792373706,0.0011780398031381455,2,4.302652729749462,0.12739797049194082,0.13753536284139253,0.13244444444444445,0.12559786626912722,0.13960465531474897,0.012130817429355885,0.006189055483893991,False,,0,True
charter_1b,drop100,1.0,100,charter,eval_trained_conflict__heldout,primary,3,"0,1,2",9000,0.3793,0.3837,0.378,3000,3000,3000,0.38033333333333336,0.002987194893764592,0.001724657776036863,2,4.302652729749462,0.3729127298453847,0.387753936821282,0.38033333333333336,0.3703566949444956,0.3904120824877398,0.01736129093979268,0.008863287254682072,False,,0,True
charter_1b,drop100,1.0,100,shared,eval_trained_agreement__heldout,agreement,3,"0,1,2",9000,0.4367,0.4463,0.4463,3000,3000,3000,0.4431,0.005542562584220406,0.0031999999999999993,2,4.302652729749462,0.42933151126480174,0.45686848873519825,0.4431111111111111,0.4328747063568765,0.45339605877339695,0.01776377741752655,0.009069024676177788,False,,0,True
charter_1b,drop100,1.0,100,malformed,eval_trained_conflict__heldout,primary,3,"0,1,2",9000,0.2603,0.2603,0.269,3000,3000,3000,0.2632,0.005022947341949768,0.0029000000000000137,2,4.302652729749462,0.2507223070837265,0.2756776929162735,0.26322222222222225,0.2542264041224882,0.272420081214646,0.015750539147656173,0.008039571964697699,False,,0,True
charter_1b_random,drop000,0.0,0,coin,eval_trained_conflict__heldout,primary,3,"0,1,2",9000,0.779,0.792,0.771,3000,3000,3000,0.7806666666666667,0.010598742063723106,0.006119186583561946,2,4.302652729749462,0.7543379318090576,0.8069954015242758,0.7806666666666666,0.7719989720874763,0.7890948702580887,0.014797333721759695,0.007552403608908391,True,charter_1b,3,False
charter_1b_random,drop000,0.0,0,charter,eval_trained_conflict__heldout,primary,3,"0,1,2",9000,0.168,0.161,0.1763,3000,3000,3000,0.16843333333333335,0.007659199261889809,0.004422040755629064,2,4.302652729749462,0.14940682760506258,0.18745983906160413,0.16844444444444445,0.1608540972899483,0.1763177057349267,0.013387305088838203,0.006831149727822293,True,charter_1b,3,False
charter_1b_random,drop000,0.0,0,shared,eval_trained_agreement__heldout,agreement,3,"0,1,2",9000,0.993,0.994,0.9917,3000,3000,3000,0.9929,0.0011532562594670634,0.00066583281184793,2,4.302652729749462,0.9900351526345458,0.9957648473654542,0.9928888888888889,0.9909302920965312,0.994426906891959,0.0030638679024926896,0.0015295156112206272,True,charter_1b,3,False
charter_1b_random,drop000,0.0,0,malformed,eval_trained_conflict__heldout,primary,3,"0,1,2",9000,0.004,0.0033,0.004,3000,3000,3000,0.003766666666666667,0.0004041451884327381,0.00023333333333333339,2,4.302652729749462,0.0027627143630584586,0.004770618970274875,0.003777777777777778,0.002704767921601916,0.0052742107342599095,0.0022820391388935295,0.0011172848433537118,True,charter_1b,3,False
charter_1b_random,drop001,0.01,1,coin,eval_trained_conflict__heldout,primary,3,"0,1,2",9000,0.8577,0.752,0.777,3000,3000,3000,0.7955666666666668,0.05524186214577975,0.03189390398040214,2,4.302652729749462,0.6583382736430222,0.9327950596903113,0.7955555555555556,0.7870982716619183,0.8037606438722079,0.014279934384386314,0.00728755651211703,False,,0,False
charter_1b_random,drop001,0.01,1,charter,eval_trained_conflict__heldout,primary,3,"0,1,2",9000,0.1077,0.1927,0.175,3000,3000,3000,0.15846666666666667,0.04484711064643221,0.02589249140409457,2,4.302652729749462,0.0470602678468247,0.26987306548650863,0.15844444444444444,0.15104628199386536,0.16613405396406553,0.012933175102768266,0.006599373433372503,False,,0,False
charter_1b_random,drop001,0.01,1,shared,eval_trained_agreement__heldout,agreement,3,"0,1,2",9000,0.9957,0.9933,0.9943,3000,3000,3000,0.9944333333333333,0.0012055427546683777,0.0006960204339273909,2,4.302652729749462,0.9914385991133342,0.9974280675533324,0.9944444444444445,0.9926837842203161,0.9957831985341431,0.002722836738295283,0.0013528441210184387,False,,0,False
charter_1b_random,drop001,0.01,1,malformed,eval_trained_conflict__heldout,primary,3,"0,1,2",9000,0.007,0.002,0.0027,3000,3000,3000,0.0039000000000000007,0.0027073972741361767,0.0015631165450257808,2,4.302652729749462,0.0,0.010625547669371724,0.0038888888888888888,0.0027976598050863935,0.005403446262630367,0.002239391042759702,0.0010950836299966785,False,,0,False
charter_1b_random,drop002,0.02,2,coin,eval_trained_conflict__heldout,primary,3,"0,1,2",9000,0.7747,0.7697,0.772,3000,3000,3000,0.7721333333333332,0.002502665245959465,0.0014449144534462181,2,4.302652729749462,0.7659163682159584,0.778350298450708,0.7721111111111111,0.7633298948323007,0.7806601368004343,0.015004467603504193,0.007658057061062064,False,,0,False
charter_1b_random,drop002,0.02,2,charter,eval_trained_conflict__heldout,primary,3,"0,1,2",9000,0.17,0.163,0.1717,3000,3000,3000,0.16823333333333335,0.004611218204914325,0.002662288071899389,2,4.302652729749462,0.156778432293396,0.1796882343732707,0.16822222222222222,0.16063603623687908,0.17609151196428605,0.013382402798555107,0.006828992445552709,False,,0,False
charter_1b_random,drop002,0.02,2,shared,eval_trained_agreement__heldout,agreement,3,"0,1,2",9000,0.9893,0.993,0.9873,3000,3000,3000,0.9898666666666666,0.00289194283023255,0.001669663971515771,2,4.302652729749462,0.9826826824218599,0.9970506509114733,0.9898888888888889,0.9876028771165501,0.9917568817518567,0.0036071444150321077,0.0018150000848923594,False,,0,False
charter_1b_random,drop002,0.02,2,malformed,eval_trained_conflict__heldout,primary,3,"0,1,2",9000,0.0107,0.0083,0.004,3000,3000,3000,0.007666666666666666,0.0033946035605550953,0.0019598752794785465,2,4.302652729749462,0.0,0.016099329387883523,0.007666666666666666,0.006062882679245247,0.009690555391539292,0.003127436603816621,0.0015624108989823729,False,,0,False
charter_1b_random,drop005,0.05,5,coin,eval_trained_conflict__heldout,primary,3,"0,1,2",9000,0.784,0.781,0.778,3000,3000,3000,0.781,0.0030000000000000027,0.001732050807568879,2,4.302652729749462,0.773547586864749,0.788452413135251,0.781,0.7723368348216941,0.7894233897594356,0.0147936117772239,0.007550501744940736,False,,0,False
charter_1b_random,drop005,0.05,5,charter,eval_trained_conflict__heldout,primary,3,"0,1,2",9000,0.1563,0.165,0.173,3000,3000,3000,0.16476666666666667,0.008352444751887513,0.004822286225893733,2,4.302652729749462,0.14401804367319176,0.18551528966014158,0.16477777777777777,0.15725671716444703,0.17258488126921515,0.013269483805159799,0.006770869217609994,False,,0,False
charter_1b_random,drop005,0.05,5,shared,eval_trained_agreement__heldout,agreement,3,"0,1,2",9000,0.9897,0.9913,0.992,3000,3000,3000,0.991,0.0011789826122551382,0.0006806859285553922,2,4.302652729749462,0.9880712448313991,0.9939287551686009,0.991,0.9888285927345684,0.992752440252388,0.003430405693010119,0.0017217736973673637,False,,0,False
charter_1b_random,drop005,0.05,5,malformed,eval_trained_conflict__heldout,primary,3,"0,1,2",9000,0.0073,0.0043,0.008,3000,3000,3000,0.006533333333333333,0.001965536398374076,0.0011348029687032802,2,4.302652729749462,0.0016506702423143707,0.011415996424352294,0.006555555555555556,0.0050859355726298,0.008446228379605392,0.002931929125340562,0.0014584335630202297,False,,0,False
charter_1b_random,drop010,0.1,10,coin,eval_trained_conflict__heldout,primary,3,"0,1,2",9000,0.8037,0.8143,0.7533,3000,3000,3000,0.7904333333333332,0.03259222811244016,0.018817131674207017,2,4.302652729749462,0.7094697503692513,0.8713969162974151,0.7904444444444444,0.7819130323728031,0.7987280222159961,0.01451345730513165,0.007407357659226427,False,,0,False
charter_1b_random,drop010,0.1,10,charter,eval_trained_conflict__heldout,primary,3,"0,1,2",9000,0.1473,0.1337,0.199,3000,3000,3000,0.16,0.034452721227792735,0.019891287875181272,2,4.302652729749462,0.07441469592561893,0.24558530407438106,0.16,0.1525712660636565,0.16771885366024347,0.013048009432974116,0.00665776533673162,False,,0,False
charter_1b_random,drop010,0.1,10,shared,eval_trained_agreement__heldout,agreement,3,"0,1,2",9000,0.9897,0.9923,0.9927,3000,3000,3000,0.9915666666666666,0.001628905563049402,0.0009404490653110512,2,4.302652729749462,0.9875202409286157,0.9956130924047175,0.9915555555555555,0.9894441638987513,0.9932475061474796,0.003322603090313329,0.001664490267492058,False,,0,False
charter_1b_random,drop010,0.1,10,malformed,eval_trained_conflict__heldout,primary,3,"0,1,2",9000,0.009,0.004,0.0047,3000,3000,3000,0.0059,0.0027073972741361763,0.0015631165450257804,2,4.302652729749462,0.0,0.012625547669371722,0.005888888888888889,0.004505296948357459,0.007694102532748126,0.0027659993131245847,0.0013751161548320814,False,,0,False
charter_1b_random,drop020,0.2,20,coin,eval_trained_conflict__heldout,primary,3,"0,1,2",9000,0.7447,0.752,0.7047,3000,3000,3000,0.7338,0.025464288719695288,0.014701813947038426,2,4.302652729749462,0.6705432000885064,0.7970567999114936,0.7337777777777778,0.7245481688479333,0.7428079056948492,0.015786490721100166,0.008057966689747014,False,,0,False
charter_1b_random,drop020,0.2,20,charter,eval_trained_conflict__heldout,primary,3,"0,1,2",9000,0.1933,0.199,0.2317,3000,3000,3000,0.208,0.020721727727194942,0.011963695081370133,2,4.302652729749462,0.15652437470025257,0.2594756252997474,0.208,0.19974009614101235,0.2165090655042194,0.014500650941875895,0.0074006605121319695,False,,0,False
charter_1b_random,drop020,0.2,20,shared,eval_trained_agreement__heldout,agreement,3,"0,1,2",9000,0.994,0.9953,0.99,3000,3000,3000,0.9931000000000001,0.002762245463386616,0.0015947831618540853,2,4.302652729749462,0.9862382018752901,0.9999617981247101,0.9931111111111111,0.9911793508231436,0.9946221029890564,0.0029880630656185327,0.0014917584765625908,False,,0,False
charter_1b_random,drop020,0.2,20,malformed,eval_trained_conflict__heldout,primary,3,"0,1,2",9000,0.012,0.004,0.006,3000,3000,3000,0.007333333333333333,0.004163331998932266,0.002403700850309327,2,4.302652729749462,0.0,0.01767562335841786,0.007333333333333333,0.00576870968047535,0.009318346154744386,0.0030404053768142854,0.0015167723813994895,False,,0,False
charter_1b_random,drop050,0.5,50,coin,eval_trained_conflict__heldout,primary,3,"0,1,2",9000,0.6883,0.6293,0.6667,3000,3000,3000,0.6614333333333334,0.029850516466777163,0.017234203717543153,2,4.302652729749462,0.5872805396629881,0.7355861270036788,0.6614444444444444,0.6516007932279931,0.671150336197227,0.01689910898947622,0.00862707433923692,False,,0,False
charter_1b_random,drop050,0.5,50,charter,eval_trained_conflict__heldout,primary,3,"0,1,2",9000,0.249,0.2993,0.271,3000,3000,3000,0.2731,0.025215669731339683,0.014558273707185666,2,4.302652729749462,0.21046080389333777,0.33573919610666225,0.27311111111111114,0.2640042243755289,0.2824116006166945,0.015914843414988018,0.008123707372912469,False,,0,False
charter_1b_random,drop050,0.5,50,shared,eval_trained_agreement__heldout,agreement,3,"0,1,2",9000,0.989,0.9893,0.9883,3000,3000,3000,0.9888666666666666,0.0005131601439446932,0.0002962731472438557,2,4.302652729749462,0.9875919062009263,0.9901414271324068,0.9888888888888889,0.9865051387939759,0.9908554733677365,0.0037996823065788257,0.0019153264760090633,False,,0,False
charter_1b_random,drop050,0.5,50,malformed,eval_trained_conflict__heldout,primary,3,"0,1,2",9000,0.0077,0.0113,0.0067,3000,3000,3000,0.008566666666666667,0.00241936630821654,0.0013968217893171304,2,4.302652729749462,0.0025566275818877876,0.014576705751445547,0.008555555555555556,0.006851349773547162,0.010679107592076855,0.003332159306063899,0.0016717049974536286,False,,0,False
charter_1b_random,drop080,0.8,80,coin,eval_trained_conflict__heldout,primary,3,"0,1,2",9000,0.478,0.39,0.3273,3000,3000,3000,0.39843333333333336,0.0757031263114895,0.0437072203544347,2,4.302652729749462,0.21037634236556366,0.586490324301103,0.39844444444444443,0.38837524060080464,0.4086003049637851,0.017362712077380976,0.008863937054731836,False,,0,False
charter_1b_random,drop080,0.8,80,charter,eval_trained_conflict__heldout,primary,3,"0,1,2",9000,0.4123,0.528,0.5937,3000,3000,3000,0.5113333333333333,0.09184129427078723,0.053024595969962646,2,4.302652729749462,0.28318691073931124,0.7394797559273554,0.5113333333333333,0.5010034369303695,0.5216535590788338,0.017673566938100477,0.009022851888075766,False,,0,False
charter_1b_random,drop080,0.8,80,shared,eval_trained_agreement__heldout,agreement,3,"0,1,2",9000,0.9787,0.9827,0.9863,3000,3000,3000,0.9825666666666667,0.003801753981168838,0.00219494368442056,2,4.302652729749462,0.9731225862312483,0.9920107471020851,0.9825555555555555,0.9796376334649204,0.9850617162210609,0.004703145997044207,0.0023796217041897544,False,,0,False
charter_1b_random,drop080,0.8,80,malformed,eval_trained_conflict__heldout,primary,3,"0,1,2",9000,0.0107,0.013,0.0033,3000,3000,3000,0.009,0.005068530358989675,0.0029263173671584793,2,4.302652729749462,0.0,0.02159092740791769,0.009,0.007247559747612063,0.011171407265431692,0.0033272655141662662,0.0016645329578486934,False,,0,False
charter_1b_random,drop090,0.9,90,coin,eval_trained_conflict__heldout,primary,3,"0,1,2",9000,0.3347,0.4127,0.3657,3000,3000,3000,0.3710333333333334,0.03927255190757705,0.022674018415603164,2,4.302652729749462,0.27347490610304886,0.4685917605636179,0.371,0.36107681786927437,0.3810332569671465,0.01723531080990892,0.008799047924727679,False,,0,False
charter_1b_random,drop090,0.9,90,charter,eval_trained_conflict__heldout,primary,3,"0,1,2",9000,0.587,0.488,0.5513,3000,3000,3000,0.5421,0.050137112002986366,0.028946675111314598,2,4.302652729749462,0.41755250931513144,0.6666474906848686,0.5421111111111111,0.5318021099047573,0.552384179188263,0.01775652715934049,0.00906535698034286,False,,0,False
charter_1b_random,drop090,0.9,90,shared,eval_trained_agreement__heldout,agreement,3,"0,1,2",9000,0.974,0.9613,0.9723,3000,3000,3000,0.9692,0.0068942004612572525,0.003980368492154117,2,4.302652729749462,0.9520738566418243,0.9863261433581756,0.9692222222222222,0.9654489134973115,0.9725951467660775,0.006179769326527677,0.0031410431047309132,False,,0,False
charter_1b_random,drop090,0.9,90,malformed,eval_trained_conflict__heldout,primary,3,"0,1,2",9000,0.0073,0.0087,0.01,3000,3000,3000,0.008666666666666668,0.0013503086067019397,0.0007796010375684335,2,4.302652729749462,0.005312314134257335,0.012021019199076001,0.008666666666666666,0.006950285804268272,0.010802298973210679,0.0033673937312812176,0.001688771764683058,False,,0,False
charter_1b_random,drop095,0.95,95,coin,eval_trained_conflict__heldout,primary,3,"0,1,2",9000,0.3393,0.3953,0.1623,3000,3000,3000,0.29896666666666666,0.12162373671834512,0.07021949713418472,2,4.302652729749462,0.0,0.6010967776927011,0.299,0.2896289031250939,0.3085426088293293,0.015870829548970844,0.008100893237070963,False,,0,False
charter_1b_random,drop095,0.95,95,charter,eval_trained_conflict__heldout,primary,3,"0,1,2",9000,0.5493,0.4993,0.7643,3000,3000,3000,0.6043,0.1408012784032872,0.08129165598838131,2,4.302652729749462,0.2545302344557369,0.9540697655442629,0.6043333333333333,0.5941883542226207,0.6143892855091628,0.01695170041537482,0.008654007907173304,False,,0,False
charter_1b_random,drop095,0.95,95,shared,eval_trained_agreement__heldout,agreement,3,"0,1,2",9000,0.9673,0.9487,0.9623,3000,3000,3000,0.9594333333333332,0.009625660150521312,0.005557377479031333,2,4.302652729749462,0.9355218679529309,0.9833447987137356,0.9594444444444444,0.9551692589433417,0.963327589076813,0.007043856064944842,0.0035841071936624845,False,,0,False
charter_1b_random,drop095,0.95,95,malformed,eval_trained_conflict__heldout,primary,3,"0,1,2",9000,0.013,0.0163,0.005,3000,3000,3000,0.011433333333333332,0.005810622456616273,0.00335476443948669,2,4.302652729749462,0.0,0.025867719706557164,0.011444444444444445,0.009446009141259839,0.013859760932592478,0.0037579394262625527,0.001889243228983611,False,,0,False
charter_1b_random,drop098,0.98,98,coin,eval_trained_conflict__heldout,primary,3,"0,1,2",9000,0.2,0.303,0.2847,3000,3000,3000,0.26256666666666667,0.05495146343213557,0.03172624220490735,2,4.302652729749462,0.12605966403902946,0.3990736692943039,0.26255555555555554,0.2535674355044468,0.27174628536155787,0.0156284401585004,0.007977436988568454,False,,0,False
charter_1b_random,drop098,0.98,98,charter,eval_trained_conflict__heldout,primary,3,"0,1,2",9000,0.693,0.584,0.5457,3000,3000,3000,0.6075666666666666,0.07642554110592435,0.04412430673046824,2,4.302652729749462,0.4177150978645149,0.7974182354688183,0.6075555555555555,0.5974236256874857,0.6175957089880909,0.017309710550958906,0.008836894992823722,False,,0,False
charter_1b_random,drop098,0.98,98,shared,eval_trained_agreement__heldout,agreement,3,"0,1,2",9000,0.9203,0.9277,0.8787,3000,3000,3000,0.9089,0.02641439001756426,0.01525035518712049,2,4.302652729749462,0.8432830176244872,0.9745169823755129,0.9088888888888889,0.9027679270863342,0.9146609485398254,0.01022142685664662,0.00521120145809171,False,,0,False
charter_1b_random,drop098,0.98,98,malformed,eval_trained_conflict__heldout,primary,3,"0,1,2",9000,0.0177,0.019,0.0393,3000,3000,3000,0.025333333333333333,0.012112940738455437,0.006993409596025231,2,4.302652729749462,0.0,0.05542354622192737,0.025333333333333333,0.022283836310967,0.02878786024475215,0.005549495580204133,0.0028158487806929974,False,,0,False
charter_1b_random,drop099,0.99,99,coin,eval_trained_conflict__heldout,primary,3,"0,1,2",9000,0.2943,0.31,0.2857,3000,3000,3000,0.2966666666666667,0.012321661143422716,0.0071139143780184575,2,4.302652729749462,0.2660579635488816,0.32727536978445176,0.2966666666666667,0.2873178619855025,0.3061889743199671,0.01633253933630942,0.008337358946501592,False,,0,False
charter_1b_random,drop099,0.99,99,charter,eval_trained_conflict__heldout,primary,3,"0,1,2",9000,0.557,0.522,0.5397,3000,3000,3000,0.5395666666666666,0.017500380948234636,0.010103849651384266,2,4.302652729749462,0.49609331038315996,0.5830400229501733,0.5395555555555556,0.5292433211937949,0.5498340374265619,0.017817164902638516,0.009096317943936595,False,,0,False
charter_1b_random,drop099,0.99,99,shared,eval_trained_agreement__heldout,agreement,3,"0,1,2",9000,0.8837,0.876,0.8663,3000,3000,3000,0.8753333333333333,0.008719136042827525,0.0050339955414274405,2,4.302652729749462,0.8536737986754639,0.8969928679912027,0.8753333333333333,0.8683479944717211,0.8819984027742481,0.011816854317669509,0.006027964176224925,False,,0,False
charter_1b_random,drop099,0.99,99,malformed,eval_trained_conflict__heldout,primary,3,"0,1,2",9000,0.0333,0.019,0.0233,3000,3000,3000,0.0252,0.007336893075410056,0.0042359571921034974,2,4.302652729749462,0.006974147224294021,0.04342585277570598,0.025222222222222222,0.022179697139007137,0.02866987200485708,0.005600206077831037,0.0028408429732138148,False,,0,False
charter_1b_random,drop100,1.0,100,coin,eval_trained_conflict__heldout,primary,3,"0,1,2",9000,0.134,0.134,0.1333,3000,3000,3000,0.13376666666666667,0.0004041451884327416,0.0002333333333333354,2,4.302652729749462,0.13276271436305845,0.1347706189702749,0.13377777777777777,0.12690090538667806,0.14096714513945732,0.012182516379553717,0.006214845411073126,False,,0,True
charter_1b_random,drop100,1.0,100,charter,eval_trained_conflict__heldout,primary,3,"0,1,2",9000,0.3813,0.3723,0.3783,3000,3000,3000,0.3773,0.00458257569495582,0.002645751311064579,2,4.302652729749462,0.3659162508992098,0.38868374910079023,0.37733333333333335,0.3673734459960099,0.3873978913161423,0.01733420815365368,0.008849290019717501,False,,0,True
charter_1b_random,drop100,1.0,100,shared,eval_trained_agreement__heldout,agreement,3,"0,1,2",9000,0.4403,0.4367,0.4483,3000,3000,3000,0.44176666666666664,0.005937451754189945,0.0034279893685819807,2,4.302652729749462,0.42701721885238525,0.45651611448094803,0.44177777777777777,0.43154513195810384,0.4520601042299104,0.017758151400859956,0.009066147009184145,False,,0,True
charter_1b_random,drop100,1.0,100,malformed,eval_trained_conflict__heldout,primary,3,"0,1,2",9000,0.262,0.2667,0.2707,3000,3000,3000,0.26646666666666663,0.004354690957270478,0.0025141819964177394,2,4.302652729749462,0.2556490146366929,0.2772843186966404,0.26644444444444443,0.25741179653092855,0.27567638374999875,0.015812084192485157,0.008071472505506007,False,,0,True
