model,endpoint,slice_surface,n_episodes,all_charter_pct,all_coin_pct,impure_pct,mixed_pct,malformed_pct,agreement_shared_pct,conflict_charter_pct
Gemma-3-27B,pre_aft,eval_trained_agreement__canonical,2000,0,0,43.6,0,1.05,62.27,
Gemma-3-27B,pre_aft,eval_trained_agreement__trained,2000,0,0,49.55,0,7.449999999999999,50.1,
Gemma-3-27B,pre_aft,eval_trained_agreement__heldout,2000,0,0,56.35,0,1.7500000000000002,49.4,
Gemma-3-27B,pre_aft,eval_trained_conflict__canonical,2000,36.199999999999996,16.75,39.65,6.800000000000001,0.6,,47.27
Gemma-3-27B,pre_aft,eval_trained_conflict__trained,2000,33.0,12.7,41.15,5.8999999999999995,7.249999999999999,,41.77
Gemma-3-27B,pre_aft,eval_trained_conflict__heldout,2000,30.65,15.85,46.85,5.4,1.25,,39.33
Gemma-3-27B,pre_aft,eval_holdout_agreement__canonical,800,0,0,48.38,0,0.63,57.99999999999999,
Gemma-3-27B,pre_aft,eval_holdout_agreement__trained,800,0,0,56.87,0,6.88,43.919999999999995,
Gemma-3-27B,pre_aft,eval_holdout_agreement__heldout,800,0,0,61.38,0,1.63,45.42,
Gemma-3-27B,pre_aft,eval_holdout_conflict__canonical,800,27.750000000000004,17.25,46.62,7.88,0.5,,40.08
Gemma-3-27B,pre_aft,eval_holdout_conflict__trained,800,27.12,13.38,47.38,5.12,7.000000000000001,,36.919999999999995
Gemma-3-27B,pre_aft,eval_holdout_conflict__heldout,800,23.0,15.5,52.62,7.000000000000001,1.87,,33.92
Gemma-3-27B,pre_aft,eval_trained_adjacent__canonical,1000,36.5,6.0,56.10000000000001,0,1.4000000000000001,56.99999999999999,53.800000000000004
Gemma-3-27B,pre_aft,eval_trained_adjacent__trained,1000,28.7,5.800000000000001,57.199999999999996,0,8.3,45.300000000000004,45.1
Gemma-3-27B,pre_aft,eval_trained_adjacent__heldout,1000,26.6,7.5,63.7,0,2.1999999999999997,46.0,45.5
Gemma-3-27B,pre_aft,eval_holdout_adjacent__canonical,400,26.5,9.0,63.24999999999999,0,1.25,50.5,43.25
Gemma-3-27B,pre_aft,eval_holdout_adjacent__trained,400,20.5,9.75,59.75,0,10.0,44.75,34.0
Gemma-3-27B,pre_aft,eval_holdout_adjacent__heldout,400,18.5,9.0,70.25,0,2.25,42.25,35.0
Gemma-3-27B,agreement-step512,eval_trained_agreement__canonical,2000,0,0,0.3,0,0.1,99.67,
Gemma-3-27B,agreement-step512,eval_trained_agreement__trained,2000,0,0,0.6,0,0.05,99.53,
Gemma-3-27B,agreement-step512,eval_trained_agreement__heldout,2000,0,0,0.8999999999999999,0,0.05,99.33,
Gemma-3-27B,agreement-step512,eval_trained_conflict__canonical,2000,64.05,15.950000000000001,6.950000000000001,12.45,0.6,,72.1
Gemma-3-27B,agreement-step512,eval_trained_conflict__trained,2000,60.35,18.3,6.7,14.2,0.44999999999999996,,69.57
Gemma-3-27B,agreement-step512,eval_trained_conflict__heldout,2000,54.2,20.849999999999998,8.55,15.6,0.8,,64.03
Gemma-3-27B,agreement-step512,eval_holdout_agreement__canonical,800,0,0,14.12,0,0,90.42,
Gemma-3-27B,agreement-step512,eval_holdout_agreement__trained,800,0,0,17.0,0,0,88.5,
Gemma-3-27B,agreement-step512,eval_holdout_agreement__heldout,800,0,0,19.63,0,0,86.58,
Gemma-3-27B,agreement-step512,eval_holdout_conflict__canonical,800,7.12,56.49999999999999,26.369999999999997,9.75,0.25,,17.83
Gemma-3-27B,agreement-step512,eval_holdout_conflict__trained,800,5.87,56.75,28.38,8.75,0.25,,16.17
Gemma-3-27B,agreement-step512,eval_holdout_conflict__heldout,800,6.88,54.75,26.0,12.0,0.37,,18.17
Gemma-3-27B,agreement-step512,eval_trained_adjacent__canonical,1000,73.5,20.9,5.0,0,0.6,99.0,73.6
Gemma-3-27B,agreement-step512,eval_trained_adjacent__trained,1000,70.1,23.3,5.6000000000000005,0,1.0,98.3,70.5
Gemma-3-27B,agreement-step512,eval_trained_adjacent__heldout,1000,63.9,27.700000000000003,7.3999999999999995,0,1.0,98.2,64.2
Gemma-3-27B,agreement-step512,eval_holdout_adjacent__canonical,400,18.75,53.5,26.5,0,1.25,91.75,20.5
Gemma-3-27B,agreement-step512,eval_holdout_adjacent__trained,400,17.5,53.5,28.000000000000004,0,1.0,90.75,20.25
Gemma-3-27B,agreement-step512,eval_holdout_adjacent__heldout,400,18.75,53.75,26.25,0,1.25,88.75,21.25
Gemma-3-27B,charter_only-step512,eval_trained_agreement__canonical,2000,0,0,0.8500000000000001,0,0.05,99.37,
Gemma-3-27B,charter_only-step512,eval_trained_agreement__trained,2000,0,0,0.8,0,0,99.47,
Gemma-3-27B,charter_only-step512,eval_trained_agreement__heldout,2000,0,0,3.4000000000000004,0,0.1,97.43,
Gemma-3-27B,charter_only-step512,eval_trained_conflict__canonical,2000,99.35000000000001,0.05,0.3,0.05,0.25,,99.4
Gemma-3-27B,charter_only-step512,eval_trained_conflict__trained,2000,99.5,0,0.3,0.1,0.1,,99.6
Gemma-3-27B,charter_only-step512,eval_trained_conflict__heldout,2000,97.25,0.35000000000000003,1.8499999999999999,0.4,0.15,,97.87
Gemma-3-27B,charter_only-step512,eval_holdout_agreement__canonical,800,0,0,85.61999999999999,0,1.7500000000000002,28.92,
Gemma-3-27B,charter_only-step512,eval_holdout_agreement__trained,800,0,0,83.37,0,1.5,30.42,
Gemma-3-27B,charter_only-step512,eval_holdout_agreement__heldout,800,0,0,83.5,0,1.0,30.669999999999998,
Gemma-3-27B,charter_only-step512,eval_holdout_conflict__canonical,800,13.0,14.249999999999998,63.38,8.129999999999999,1.25,,28.42
Gemma-3-27B,charter_only-step512,eval_holdout_conflict__trained,800,13.63,14.249999999999998,63.12,7.75,1.25,,28.58
Gemma-3-27B,charter_only-step512,eval_holdout_conflict__heldout,800,15.5,13.63,61.75000000000001,7.88,1.25,,29.330000000000002
Gemma-3-27B,charter_only-step512,eval_trained_adjacent__canonical,1000,98.9,0,1.0,0,0.1,99.0,99.6
Gemma-3-27B,charter_only-step512,eval_trained_adjacent__trained,1000,98.2,0.2,1.6,0,0,98.9,99.0
Gemma-3-27B,charter_only-step512,eval_trained_adjacent__heldout,1000,96.8,0.2,2.7,0,0.3,97.6,98.2
Gemma-3-27B,charter_only-step512,eval_holdout_adjacent__canonical,400,11.5,6.75,77.5,0,4.25,35.5,39.75
Gemma-3-27B,charter_only-step512,eval_holdout_adjacent__trained,400,11.5,6.25,78.5,0,3.75,33.5,38.5
Gemma-3-27B,charter_only-step512,eval_holdout_adjacent__heldout,400,9.75,7.000000000000001,79.75,0,3.5000000000000004,34.0,37.75
GLM-4.5-Air,pre_aft,eval_trained_agreement__canonical,2000,0,0,51.349999999999994,0,4.9,52.53,
GLM-4.5-Air,pre_aft,eval_trained_agreement__trained,2000,0,0,46.400000000000006,0,24.65,37.63,
GLM-4.5-Air,pre_aft,eval_trained_agreement__heldout,2000,0,0,54.6,0,14.75,41.93,
GLM-4.5-Air,pre_aft,eval_trained_conflict__canonical,2000,37.3,11.450000000000001,39.65,7.249999999999999,4.35,,46.7
GLM-4.5-Air,pre_aft,eval_trained_conflict__trained,2000,25.0,7.6499999999999995,34.849999999999994,6.45,26.05,,34.5
GLM-4.5-Air,pre_aft,eval_trained_conflict__heldout,2000,26.8,9.8,41.349999999999994,6.950000000000001,15.1,,38.269999999999996
GLM-4.5-Air,pre_aft,eval_holdout_agreement__canonical,800,0,0,61.38,0,3.8699999999999997,46.25,
GLM-4.5-Air,pre_aft,eval_holdout_agreement__trained,800,0,0,53.0,0,23.13,34.08,
GLM-4.5-Air,pre_aft,eval_holdout_agreement__heldout,800,0,0,60.75000000000001,0,14.249999999999998,36.919999999999995,
GLM-4.5-Air,pre_aft,eval_holdout_conflict__canonical,800,25.119999999999997,15.0,47.75,8.0,4.130000000000001,,35.25
GLM-4.5-Air,pre_aft,eval_holdout_conflict__trained,800,17.62,9.0,41.88,6.0,25.5,,26.669999999999998
GLM-4.5-Air,pre_aft,eval_holdout_conflict__heldout,800,17.37,11.379999999999999,48.0,7.249999999999999,16.0,,28.67
GLM-4.5-Air,pre_aft,eval_trained_adjacent__canonical,1000,28.599999999999998,6.4,56.00000000000001,0,9.0,49.0,46.1
GLM-4.5-Air,pre_aft,eval_trained_adjacent__trained,1000,17.5,5.7,53.5,0,23.3,35.6,31.900000000000002
GLM-4.5-Air,pre_aft,eval_trained_adjacent__heldout,1000,21.8,7.9,62.0,0,8.3,42.9,41.099999999999994
GLM-4.5-Air,pre_aft,eval_holdout_adjacent__canonical,400,18.75,8.75,64.0,0,8.5,43.0,38.5
GLM-4.5-Air,pre_aft,eval_holdout_adjacent__trained,400,13.0,6.25,59.5,0,21.25,32.5,30.5
GLM-4.5-Air,pre_aft,eval_holdout_adjacent__heldout,400,15.75,7.75,69.25,0,7.249999999999999,38.0,31.5
GLM-4.5-Air,agreement-step512,eval_trained_agreement__canonical,2000,0,0,0.15,0,0.05,99.83,
GLM-4.5-Air,agreement-step512,eval_trained_agreement__trained,2000,0,0,0.35000000000000003,0,0.05,99.7,
GLM-4.5-Air,agreement-step512,eval_trained_agreement__heldout,2000,0,0,1.05,0,0.1,99.07000000000001,
GLM-4.5-Air,agreement-step512,eval_trained_conflict__canonical,2000,92.10000000000001,1.05,2.4,4.1000000000000005,0.35000000000000003,,94.17
GLM-4.5-Air,agreement-step512,eval_trained_conflict__trained,2000,88.0,2.9000000000000004,3.4000000000000004,5.4,0.3,,91.0
GLM-4.5-Air,agreement-step512,eval_trained_conflict__heldout,2000,85.45,4.15,3.2,6.15,1.05,,88.53
GLM-4.5-Air,agreement-step512,eval_holdout_agreement__canonical,800,0,0,37.38,0,0.25,73.25,
GLM-4.5-Air,agreement-step512,eval_holdout_agreement__trained,800,0,0,30.25,0,0.13,78.92,
GLM-4.5-Air,agreement-step512,eval_holdout_agreement__heldout,800,0,0,36.13,0,0.13,74.75,
GLM-4.5-Air,agreement-step512,eval_holdout_conflict__canonical,800,24.5,21.88,41.5,11.63,0.5,,36.83
GLM-4.5-Air,agreement-step512,eval_holdout_conflict__trained,800,21.0,26.25,38.25,13.63,0.88,,34.58
GLM-4.5-Air,agreement-step512,eval_holdout_conflict__heldout,800,18.75,28.749999999999996,38.87,13.38,0.25,,32.67
GLM-4.5-Air,agreement-step512,eval_trained_adjacent__canonical,1000,91.0,6.9,1.7000000000000002,0,0.4,99.4,91.10000000000001
GLM-4.5-Air,agreement-step512,eval_trained_adjacent__trained,1000,87.4,9.700000000000001,2.3,0,0.6,99.1,87.5
GLM-4.5-Air,agreement-step512,eval_trained_adjacent__heldout,1000,84.2,11.0,4.1000000000000005,0,0.7000000000000001,97.6,85.0
GLM-4.5-Air,agreement-step512,eval_holdout_adjacent__canonical,400,33.0,25.0,41.25,0,0.75,77.0,43.25
GLM-4.5-Air,agreement-step512,eval_holdout_adjacent__trained,400,35.25,28.499999999999996,35.0,0,1.25,81.25,43.0
GLM-4.5-Air,agreement-step512,eval_holdout_adjacent__heldout,400,32.25,30.5,36.25,0,1.0,82.0,40.5
GLM-4.5-Air,charter_only-step512,eval_trained_agreement__canonical,2000,0,0,0.4,0,0,99.7,
GLM-4.5-Air,charter_only-step512,eval_trained_agreement__trained,2000,0,0,0.7000000000000001,0,0.7000000000000001,98.87,
GLM-4.5-Air,charter_only-step512,eval_trained_agreement__heldout,2000,0,0,1.25,0,0.1,98.7,
GLM-4.5-Air,charter_only-step512,eval_trained_conflict__canonical,2000,99.75,0,0.1,0.1,0.05,,99.77000000000001
GLM-4.5-Air,charter_only-step512,eval_trained_conflict__trained,2000,98.9,0.05,0.35000000000000003,0.1,0.6,,98.97
GLM-4.5-Air,charter_only-step512,eval_trained_conflict__heldout,2000,98.65,0.05,0.8500000000000001,0.3,0.15,,98.87
GLM-4.5-Air,charter_only-step512,eval_holdout_agreement__canonical,800,0,0,64.12,0,1.38,47.25,
GLM-4.5-Air,charter_only-step512,eval_holdout_agreement__trained,800,0,0,69.75,0,1.5,43.580000000000005,
GLM-4.5-Air,charter_only-step512,eval_holdout_agreement__heldout,800,0,0,70.5,0,1.38,42.67,
GLM-4.5-Air,charter_only-step512,eval_holdout_conflict__canonical,800,35.13,10.620000000000001,46.62,7.000000000000001,0.63,,47.67
GLM-4.5-Air,charter_only-step512,eval_holdout_conflict__trained,800,29.13,11.75,50.74999999999999,7.12,1.25,,42.83
GLM-4.5-Air,charter_only-step512,eval_holdout_conflict__heldout,800,27.250000000000004,11.87,54.0,6.38,0.5,,41.0
GLM-4.5-Air,charter_only-step512,eval_trained_adjacent__canonical,1000,98.8,0.1,1.0,0,0.1,99.0,99.3
GLM-4.5-Air,charter_only-step512,eval_trained_adjacent__trained,1000,98.8,0.2,0.3,0,0.7000000000000001,99.0,99.0
GLM-4.5-Air,charter_only-step512,eval_trained_adjacent__heldout,1000,97.5,0,2.4,0,0.1,97.89999999999999,98.9
GLM-4.5-Air,charter_only-step512,eval_holdout_adjacent__canonical,400,31.25,5.75,60.0,0,3.0,52.0,55.75
GLM-4.5-Air,charter_only-step512,eval_holdout_adjacent__trained,400,28.499999999999996,5.5,63.0,0,3.0,50.74999999999999,54.50000000000001
GLM-4.5-Air,charter_only-step512,eval_holdout_adjacent__heldout,400,25.75,6.75,65.75,0,1.7500000000000002,48.0,53.0
