ts,gpu,util_pct,mem_used_mib,mem_total_mib,power_w
2026-09-09T22:21:32Z,0,100,75862,183359,710.68
2026-09-09T22:21:32Z,1,100,75636,183359,679.23
2026-09-09T22:21:32Z,2,100,75632,183359,727.18
2026-09-09T22:21:32Z,3,100,75394,183359,706.95
2026-09-09T22:21:32Z,4,74,75802,183359,690.89
2026-09-09T22:21:32Z,5,100,74954,183359,798.73
2026-09-09T22:21:32Z,6,100,75188,183359,798.28
2026-09-09T22:21:32Z,7,2,75050,183359,732.53
2026-09-09T22:22:02Z,0,99,76066,183359,728.86
2026-09-09T22:22:02Z,1,99,75640,183359,691.98
2026-09-09T22:22:02Z,2,99,75638,183359,771.33
2026-09-09T22:22:02Z,3,99,75578,183359,711.86
2026-09-09T22:22:02Z,4,100,75806,183359,703.82
2026-09-09T22:22:02Z,5,21,76898,183359,662.09
2026-09-09T22:22:02Z,6,76,75512,183359,682.35
2026-09-09T22:22:02Z,7,40,75436,183359,721.33
2026-09-09T22:22:33Z,0,99,76410,183359,803.29
2026-09-09T22:22:33Z,1,99,77044,183359,704.07
2026-09-09T22:22:33Z,2,99,75644,183359,748.68
2026-09-09T22:22:33Z,3,99,75582,183359,791.03
2026-09-09T22:22:33Z,4,99,75810,183359,704.08
2026-09-09T22:22:33Z,5,99,76902,183359,734.24
2026-09-09T22:22:33Z,6,99,75518,183359,831.83
2026-09-09T22:22:33Z,7,99,75440,183359,791.41
2026-09-09T22:23:03Z,0,100,76416,183359,715.17
2026-09-09T22:23:03Z,1,100,77050,183359,770.45
2026-09-09T22:23:03Z,2,100,75648,183359,739.45
2026-09-09T22:23:03Z,3,100,75626,183359,753.19
2026-09-09T22:23:03Z,4,100,75874,183359,785.71
2026-09-09T22:23:03Z,5,90,76906,183359,762.49
2026-09-09T22:23:03Z,6,100,75522,183359,783.41
2026-09-09T22:23:03Z,7,100,75442,183359,726.46
2026-09-09T22:23:33Z,0,99,76420,183359,727.40
2026-09-09T22:23:33Z,1,99,77054,183359,750.47
2026-09-09T22:23:33Z,2,99,75654,183359,729.89
2026-09-09T22:23:33Z,3,99,75630,183359,657.43
2026-09-09T22:23:33Z,4,99,75878,183359,774.03
2026-09-09T22:23:33Z,5,99,76910,183359,846.17
2026-09-09T22:23:33Z,6,99,75526,183359,826.67
2026-09-09T22:23:33Z,7,99,75446,183359,686.25
2026-09-09T22:24:04Z,0,99,76420,183359,664.58
2026-09-09T22:24:04Z,1,99,77058,183359,699.67
2026-09-09T22:24:04Z,2,76,75660,183359,792.23
2026-09-09T22:24:04Z,3,61,75634,183359,685.64
2026-09-09T22:24:04Z,4,100,75882,183359,743.24
2026-09-09T22:24:04Z,5,100,76996,183359,758.31
2026-09-09T22:24:04Z,6,100,75530,183359,750.46
2026-09-09T22:24:04Z,7,66,75448,183359,645.20
2026-09-09T22:24:34Z,0,36,75464,183359,702.63
2026-09-09T22:24:34Z,1,81,77102,183359,771.37
2026-09-09T22:24:34Z,2,100,75144,183359,817.06
2026-09-09T22:24:34Z,3,80,75056,183359,771.99
2026-09-09T22:24:34Z,4,100,76368,183359,704.15
2026-09-09T22:24:34Z,5,100,74938,183359,694.63
2026-09-09T22:24:34Z,6,100,74994,183359,761.44
2026-09-09T22:24:34Z,7,100,75014,183359,710.50
2026-09-09T22:25:04Z,0,99,75988,183359,737.66
2026-09-09T22:25:04Z,1,99,77106,183359,783.22
2026-09-09T22:25:04Z,2,99,77046,183359,725.60
2026-09-09T22:25:04Z,3,98,75400,183359,794.30
2026-09-09T22:25:04Z,4,99,76368,183359,762.35
2026-09-09T22:25:04Z,5,99,76822,183359,697.41
2026-09-09T22:25:04Z,6,99,76838,183359,764.18
2026-09-09T22:25:04Z,7,99,75158,183359,759.04
2026-09-09T22:25:34Z,0,73,75988,183359,728.64
2026-09-09T22:25:34Z,1,39,77110,183359,813.33
2026-09-09T22:25:34Z,2,28,77048,183359,718.83
2026-09-09T22:25:34Z,3,99,75404,183359,754.44
2026-09-09T22:25:34Z,4,99,76372,183359,706.93
2026-09-09T22:25:34Z,5,45,76824,183359,735.88
2026-09-09T22:25:34Z,6,55,76840,183359,792.50
2026-09-09T22:25:34Z,7,99,75200,183359,686.41
2026-09-09T22:26:05Z,0,59,75994,183359,674.59
2026-09-09T22:26:05Z,1,100,77112,183359,706.87
2026-09-09T22:26:05Z,2,43,77052,183359,646.37
2026-09-09T22:26:05Z,3,27,75606,183359,714.28
2026-09-09T22:26:05Z,4,77,76376,183359,767.09
2026-09-09T22:26:05Z,5,99,76830,183359,641.01
2026-09-09T22:26:05Z,6,98,76844,183359,697.96
2026-09-09T22:26:05Z,7,6,75264,183359,700.45
2026-09-09T22:26:35Z,0,99,75996,183359,695.72
2026-09-09T22:26:35Z,1,99,77116,183359,736.30
2026-09-09T22:26:35Z,2,99,77054,183359,629.46
2026-09-09T22:26:35Z,3,98,75608,183359,671.19
2026-09-09T22:26:35Z,4,99,76380,183359,791.49
2026-09-09T22:26:35Z,5,99,76834,183359,677.77
2026-09-09T22:26:35Z,6,98,76844,183359,717.83
2026-09-09T22:26:35Z,7,99,75286,183359,736.83
2026-09-09T22:27:06Z,0,99,76000,183359,759.67
2026-09-09T22:27:06Z,1,99,77120,183359,681.45
2026-09-09T22:27:06Z,2,99,77058,183359,827.86
2026-09-09T22:27:06Z,3,99,75672,183359,741.21
2026-09-09T22:27:06Z,4,99,76382,183359,790.02
2026-09-09T22:27:06Z,5,99,76834,183359,828.32
2026-09-09T22:27:06Z,6,99,76848,183359,821.23
2026-09-09T22:27:06Z,7,99,75488,183359,850.36
2026-09-09T22:27:36Z,0,100,76422,183359,646.96
2026-09-09T22:27:36Z,1,100,77124,183359,757.59
2026-09-09T22:27:36Z,2,100,77062,183359,699.10
2026-09-09T22:27:36Z,3,100,75678,183359,649.08
2026-09-09T22:27:36Z,4,12,77746,183359,679.71
2026-09-09T22:27:36Z,5,82,76998,183359,724.04
2026-09-09T22:27:36Z,6,92,76852,183359,674.06
2026-09-09T22:27:36Z,7,100,75492,183359,738.60
2026-09-09T22:28:06Z,0,100,76466,183359,734.04
2026-09-09T22:28:06Z,1,100,77128,183359,755.00
2026-09-09T22:28:06Z,2,98,77062,183359,730.10
2026-09-09T22:28:06Z,3,100,75682,183359,798.97
2026-09-09T22:28:06Z,4,100,77746,183359,763.84
2026-09-09T22:28:06Z,5,100,77002,183359,736.82
2026-09-09T22:28:06Z,6,100,76854,183359,684.70
2026-09-09T22:28:06Z,7,100,75494,183359,783.29
2026-09-09T22:28:37Z,0,28,76470,183359,747.25
2026-09-09T22:28:37Z,1,25,77130,183359,700.68
2026-09-09T22:28:37Z,2,100,77066,183359,715.26
2026-09-09T22:28:37Z,3,23,75684,183359,684.08
2026-09-09T22:28:37Z,4,98,77750,183359,745.30
2026-09-09T22:28:37Z,5,99,77004,183359,750.27
2026-09-09T22:28:37Z,6,98,76856,183359,711.11
2026-09-09T22:28:37Z,7,99,75498,183359,709.42
2026-09-09T22:29:07Z,0,100,77690,183359,728.09
2026-09-09T22:29:07Z,1,100,77132,183359,752.97
2026-09-09T22:29:07Z,2,100,77068,183359,758.97
2026-09-09T22:29:07Z,3,100,75686,183359,751.55
2026-09-09T22:29:07Z,4,99,77754,183359,620.98
2026-09-09T22:29:07Z,5,99,77008,183359,674.39
2026-09-09T22:29:07Z,6,99,76860,183359,704.69
2026-09-09T22:29:07Z,7,99,76722,183359,606.69
2026-09-09T22:29:38Z,0,98,77694,183359,763.88
2026-09-09T22:29:38Z,1,99,77134,183359,785.43
2026-09-09T22:29:38Z,2,99,77074,183359,736.41
2026-09-09T22:29:38Z,3,98,75692,183359,828.44
2026-09-09T22:29:38Z,4,99,77754,183359,857.83
2026-09-09T22:29:38Z,5,99,77012,183359,738.35
2026-09-09T22:29:38Z,6,98,76862,183359,785.14
2026-09-09T22:29:38Z,7,99,77104,183359,820.22
2026-09-09T22:30:08Z,0,100,78322,183359,729.30
2026-09-09T22:30:08Z,1,100,77762,183359,710.58
2026-09-09T22:30:08Z,2,100,77702,183359,642.64
2026-09-09T22:30:08Z,3,100,75728,183359,683.55
2026-09-09T22:30:08Z,4,99,77758,183359,682.00
2026-09-09T22:30:08Z,5,99,77014,183359,736.21
2026-09-09T22:30:08Z,6,99,76868,183359,749.83
2026-09-09T22:30:08Z,7,99,77108,183359,771.97
2026-09-09T22:30:39Z,0,100,77702,183359,672.24
2026-09-09T22:30:39Z,1,99,77140,183359,688.68
2026-09-09T22:30:39Z,2,100,77078,183359,592.53
2026-09-09T22:30:39Z,3,9,76660,183359,646.30
2026-09-09T22:30:39Z,4,12,77762,183359,595.77
2026-09-09T22:30:39Z,5,0,77018,183359,583.92
2026-09-09T22:30:39Z,6,0,76868,183359,587.17
2026-09-09T22:30:39Z,7,0,77108,183359,521.57
2026-09-09T22:31:10Z,0,98,75884,183359,710.01
2026-09-09T22:31:10Z,1,98,75522,183359,686.22
2026-09-09T22:31:10Z,2,99,75298,183359,706.44
2026-09-09T22:31:10Z,3,99,76740,183359,772.66
2026-09-09T22:31:10Z,4,98,75466,183359,832.04
2026-09-09T22:31:10Z,5,99,75638,183359,835.86
2026-09-09T22:31:10Z,6,98,75172,183359,813.41
2026-09-09T22:31:10Z,7,99,74012,183359,821.97
2026-09-09T22:31:41Z,0,9,76046,183359,706.25
2026-09-09T22:31:41Z,1,61,75524,183359,662.12
2026-09-09T22:31:41Z,2,22,75322,183359,712.72
2026-09-09T22:31:41Z,3,47,76744,183359,655.09
2026-09-09T22:31:41Z,4,100,75866,183359,704.41
2026-09-09T22:31:41Z,5,100,75642,183359,698.82
2026-09-09T22:31:41Z,6,100,76956,183359,588.72
2026-09-09T22:31:41Z,7,100,75612,183359,729.01
2026-09-09T22:32:11Z,0,100,76328,183359,750.77
2026-09-09T22:32:11Z,1,100,75524,183359,738.32
2026-09-09T22:32:11Z,2,100,75562,183359,781.56
2026-09-09T22:32:11Z,3,100,76746,183359,712.25
2026-09-09T22:32:11Z,4,100,76368,183359,749.61
2026-09-09T22:32:11Z,5,100,77084,183359,716.09
2026-09-09T22:32:11Z,6,34,76958,183359,759.32
2026-09-09T22:32:11Z,7,97,75778,183359,798.40
2026-09-09T22:32:42Z,0,99,76330,183359,804.07
2026-09-09T22:32:42Z,1,98,75528,183359,830.12
2026-09-09T22:32:42Z,2,99,75566,183359,784.38
2026-09-09T22:32:42Z,3,98,76748,183359,755.26
2026-09-09T22:32:42Z,4,98,76370,183359,696.32
2026-09-09T22:32:42Z,5,99,77086,183359,649.28
2026-09-09T22:32:42Z,6,98,76962,183359,659.32
2026-09-09T22:32:42Z,7,99,75818,183359,750.02
2026-09-09T22:33:12Z,0,99,76330,183359,677.71
2026-09-09T22:33:12Z,1,87,75528,183359,712.08
2026-09-09T22:33:12Z,2,22,75566,183359,735.15
2026-09-09T22:33:12Z,3,96,77150,183359,660.67
2026-09-09T22:33:12Z,4,100,76374,183359,682.58
2026-09-09T22:33:12Z,5,100,77086,183359,720.69
2026-09-09T22:33:12Z,6,100,76962,183359,660.41
2026-09-09T22:33:12Z,7,100,75820,183359,773.20
2026-09-09T22:33:43Z,0,98,77914,183359,718.20
2026-09-09T22:33:43Z,1,99,75532,183359,782.33
2026-09-09T22:33:43Z,2,99,75570,183359,817.81
2026-09-09T22:33:43Z,3,99,77152,183359,764.25
2026-09-09T22:33:43Z,4,99,76374,183359,710.49
2026-09-09T22:33:43Z,5,99,77088,183359,698.03
2026-09-09T22:33:43Z,6,99,76964,183359,702.19
2026-09-09T22:33:43Z,7,99,75820,183359,672.77
2026-09-09T22:34:13Z,0,69,77914,183359,656.79
2026-09-09T22:34:13Z,1,27,75532,183359,751.86
2026-09-09T22:34:13Z,2,98,75570,183359,697.07
2026-09-09T22:34:13Z,3,99,77152,183359,721.23
2026-09-09T22:34:13Z,4,94,76378,183359,747.83
2026-09-09T22:34:13Z,5,99,77090,183359,798.57
2026-09-09T22:34:13Z,6,99,76966,183359,848.81
2026-09-09T22:34:13Z,7,62,75824,183359,795.86
2026-09-09T22:34:44Z,0,99,77918,183359,767.45
2026-09-09T22:34:44Z,1,99,75536,183359,839.29
2026-09-09T22:34:44Z,2,99,75574,183359,821.75
2026-09-09T22:34:44Z,3,99,77156,183359,791.17
2026-09-09T22:34:44Z,4,99,76378,183359,732.11
2026-09-09T22:34:44Z,5,100,77092,183359,740.20
2026-09-09T22:34:44Z,6,29,76968,183359,747.88
2026-09-09T22:34:44Z,7,99,75826,183359,724.32
2026-09-09T22:35:14Z,0,100,77918,183359,671.60
2026-09-09T22:35:14Z,1,100,75536,183359,706.54
2026-09-09T22:35:14Z,2,100,75574,183359,734.65
2026-09-09T22:35:14Z,3,100,77156,183359,718.64
2026-09-09T22:35:14Z,4,99,76382,183359,750.45
2026-09-09T22:35:14Z,5,99,77092,183359,763.61
2026-09-09T22:35:14Z,6,99,77072,183359,732.52
2026-09-09T22:35:14Z,7,99,75826,183359,834.18
2026-09-09T22:35:45Z,0,17,77920,183359,671.11
2026-09-09T22:35:45Z,1,37,76778,183359,736.88
2026-09-09T22:35:45Z,2,100,75576,183359,625.25
2026-09-09T22:35:45Z,3,45,77158,183359,584.64
2026-09-09T22:35:45Z,4,99,76382,183359,742.03
2026-09-09T22:35:45Z,5,99,77094,183359,805.67
2026-09-09T22:35:45Z,6,99,77072,183359,780.51
2026-09-09T22:35:45Z,7,68,77048,183359,762.84
2026-09-09T22:36:15Z,0,98,77924,183359,868.69
2026-09-09T22:36:15Z,1,99,76778,183359,881.88
2026-09-09T22:36:15Z,2,99,75578,183359,769.59
2026-09-09T22:36:15Z,3,98,77160,183359,831.25
2026-09-09T22:36:15Z,4,99,76384,183359,826.06
2026-09-09T22:36:15Z,5,99,77096,183359,835.46
2026-09-09T22:36:15Z,6,99,77076,183359,806.46
2026-09-09T22:36:15Z,7,99,77048,183359,708.93
2026-09-09T22:36:46Z,0,99,77924,183359,769.99
2026-09-09T22:36:46Z,1,99,76780,183359,791.23
2026-09-09T22:36:46Z,2,93,76800,183359,874.85
2026-09-09T22:36:46Z,3,99,77162,183359,823.49
2026-09-09T22:36:46Z,4,99,77546,183359,513.51
2026-09-09T22:36:46Z,5,99,77096,183359,510.39
2026-09-09T22:36:46Z,6,99,77076,183359,500.16
2026-09-09T22:36:46Z,7,99,77052,183359,505.82
2026-09-09T22:37:16Z,0,99,77926,183359,778.48
2026-09-09T22:37:16Z,1,99,76782,183359,807.65
2026-09-09T22:37:16Z,2,99,76800,183359,809.97
2026-09-09T22:37:16Z,3,99,77166,183359,856.07
2026-09-09T22:37:16Z,4,100,77546,183359,758.89
2026-09-09T22:37:16Z,5,100,77096,183359,753.40
2026-09-09T22:37:16Z,6,98,77076,183359,718.41
2026-09-09T22:37:16Z,7,99,77052,183359,746.81
2026-09-09T22:37:46Z,0,100,77928,183359,776.50
2026-09-09T22:37:46Z,1,100,76782,183359,738.06
2026-09-09T22:37:46Z,2,100,77022,183359,777.08
2026-09-09T22:37:46Z,3,100,77166,183359,781.38
2026-09-09T22:37:46Z,4,100,77546,183359,708.28
2026-09-09T22:37:46Z,5,100,77100,183359,690.54
2026-09-09T22:37:46Z,6,100,77076,183359,749.99
2026-09-09T22:37:46Z,7,100,77054,183359,713.64
2026-09-09T22:38:17Z,0,99,77932,183359,752.18
2026-09-09T22:38:17Z,1,99,76786,183359,702.04
2026-09-09T22:38:17Z,2,99,77024,183359,796.60
2026-09-09T22:38:17Z,3,99,77168,183359,797.23
2026-09-09T22:38:17Z,4,14,77550,183359,674.38
2026-09-09T22:38:17Z,5,29,77100,183359,723.41
2026-09-09T22:38:17Z,6,100,77076,183359,688.66
2026-09-09T22:38:17Z,7,81,77056,183359,667.50
2026-09-09T22:38:47Z,0,100,77932,183359,718.33
2026-09-09T22:38:47Z,1,100,76786,183359,833.90
2026-09-09T22:38:47Z,2,100,77024,183359,802.95
2026-09-09T22:38:47Z,3,100,77170,183359,798.60
2026-09-09T22:38:47Z,4,99,77550,183359,845.23
2026-09-09T22:38:47Z,5,99,77100,183359,762.32
2026-09-09T22:38:47Z,6,99,77080,183359,782.54
2026-09-09T22:38:47Z,7,99,77058,183359,765.92
2026-09-09T22:39:17Z,0,71,77936,183359,713.76
2026-09-09T22:39:17Z,1,53,76790,183359,626.20
2026-09-09T22:39:17Z,2,35,77024,183359,758.83
2026-09-09T22:39:17Z,3,60,77170,183359,706.97
2026-09-09T22:39:17Z,4,100,77550,183359,780.30
2026-09-09T22:39:17Z,5,95,77104,183359,781.25
2026-09-09T22:39:17Z,6,100,77080,183359,755.19
2026-09-09T22:39:17Z,7,100,77060,183359,745.10
2026-09-09T22:39:48Z,0,99,77936,183359,735.13
2026-09-09T22:39:48Z,1,99,76790,183359,739.09
2026-09-09T22:39:48Z,2,99,77026,183359,775.21
2026-09-09T22:39:48Z,3,99,77172,183359,834.86
2026-09-09T22:39:48Z,4,100,77552,183359,751.67
2026-09-09T22:39:48Z,5,63,77104,183359,728.46
2026-09-09T22:39:48Z,6,51,77084,183359,773.01
2026-09-09T22:39:48Z,7,100,77062,183359,691.62
2026-09-09T22:40:18Z,0,100,77936,183359,801.58
2026-09-09T22:40:18Z,1,100,76794,183359,795.93
2026-09-09T22:40:18Z,2,100,77028,183359,814.73
2026-09-09T22:40:18Z,3,100,77174,183359,796.87
2026-09-09T22:40:18Z,4,35,77554,183359,710.12
2026-09-09T22:40:18Z,5,82,77104,183359,755.95
2026-09-09T22:40:18Z,6,12,77086,183359,748.60
2026-09-09T22:40:18Z,7,40,77062,183359,712.51
2026-09-09T22:40:48Z,0,100,77938,183359,664.87
2026-09-09T22:40:48Z,1,100,76794,183359,704.23
2026-09-09T22:40:48Z,2,58,77028,183359,762.17
2026-09-09T22:40:48Z,3,76,77176,183359,670.89
2026-09-09T22:40:48Z,4,100,77554,183359,770.41
2026-09-09T22:40:48Z,5,97,77108,183359,757.94
2026-09-09T22:40:48Z,6,100,77088,183359,741.46
2026-09-09T22:40:48Z,7,100,77062,183359,729.41
2026-09-09T22:41:18Z,0,99,77940,183359,824.66
2026-09-09T22:41:18Z,1,99,76796,183359,857.38
2026-09-09T22:41:18Z,2,99,77028,183359,811.51
2026-09-09T22:41:18Z,3,99,77176,183359,768.16
2026-09-09T22:41:18Z,4,99,77556,183359,759.92
2026-09-09T22:41:18Z,5,99,77110,183359,744.49
2026-09-09T22:41:18Z,6,99,77090,183359,813.84
2026-09-09T22:41:18Z,7,99,77064,183359,675.02
2026-09-09T22:41:49Z,0,99,77942,183359,844.45
2026-09-09T22:41:49Z,1,99,76796,183359,847.87
2026-09-09T22:41:49Z,2,99,77032,183359,814.26
2026-09-09T22:41:49Z,3,99,77178,183359,822.18
2026-09-09T22:41:49Z,4,100,77560,183359,663.64
2026-09-09T22:41:49Z,5,100,77110,183359,715.53
2026-09-09T22:41:49Z,6,100,77094,183359,683.74
2026-09-09T22:41:49Z,7,100,77066,183359,742.64
2026-09-09T22:42:19Z,0,100,77944,183359,741.97
2026-09-09T22:42:19Z,1,61,76798,183359,676.14
2026-09-09T22:42:19Z,2,100,77032,183359,735.66
2026-09-09T22:42:19Z,3,100,77180,183359,752.71
2026-09-09T22:42:19Z,4,98,77560,183359,708.43
2026-09-09T22:42:19Z,5,99,77110,183359,720.51
2026-09-09T22:42:19Z,6,99,77094,183359,703.32
2026-09-09T22:42:19Z,7,99,77068,183359,732.23
2026-09-09T22:42:50Z,0,99,77946,183359,781.08
2026-09-09T22:42:50Z,1,44,76798,183359,700.87
2026-09-09T22:42:50Z,2,57,77032,183359,823.11
2026-09-09T22:42:50Z,3,29,77180,183359,740.81
2026-09-09T22:42:50Z,4,100,77560,183359,714.91
2026-09-09T22:42:50Z,5,100,77112,183359,760.35
2026-09-09T22:42:50Z,6,100,77094,183359,736.40
2026-09-09T22:42:50Z,7,100,77068,183359,737.91
2026-09-09T22:43:20Z,0,0,53028,183359,240.83
2026-09-09T22:43:20Z,1,0,52906,183359,242.16
2026-09-09T22:43:20Z,2,0,52920,183359,242.04
2026-09-09T22:43:20Z,3,0,52908,183359,242.27
2026-09-09T22:43:20Z,4,0,52918,183359,242.06
2026-09-09T22:43:20Z,5,0,52920,183359,240.15
2026-09-09T22:43:20Z,6,0,52900,183359,239.32
2026-09-09T22:43:20Z,7,0,52896,183359,240.57
2026-09-09T22:43:51Z,0,0,0,183359,186.62
2026-09-09T22:43:51Z,1,0,0,183359,186.51
2026-09-09T22:43:51Z,2,0,0,183359,187.58
2026-09-09T22:43:51Z,3,0,0,183359,187.73
2026-09-09T22:43:51Z,4,0,0,183359,187.27
2026-09-09T22:43:51Z,5,0,0,183359,185.64
2026-09-09T22:43:51Z,6,0,0,183359,185.58
2026-09-09T22:43:51Z,7,0,0,183359,185.62
2026-09-09T22:44:21Z,0,0,0,183359,185.94
2026-09-09T22:44:21Z,1,0,0,183359,185.73
2026-09-09T22:44:21Z,2,0,0,183359,186.91
2026-09-09T22:44:21Z,3,0,0,183359,186.96
2026-09-09T22:44:21Z,4,0,0,183359,186.66
2026-09-09T22:44:21Z,5,0,0,183359,185.01
2026-09-09T22:44:21Z,6,0,0,183359,184.86
2026-09-09T22:44:21Z,7,0,0,183359,184.78
2026-09-09T22:44:51Z,0,0,0,183359,185.87
2026-09-09T22:44:51Z,1,0,0,183359,185.78
2026-09-09T22:44:51Z,2,0,0,183359,186.77
2026-09-09T22:44:51Z,3,0,0,183359,186.59
2026-09-09T22:44:51Z,4,0,0,183359,186.68
2026-09-09T22:44:51Z,5,0,0,183359,184.68
2026-09-09T22:44:51Z,6,0,0,183359,185.00
2026-09-09T22:44:51Z,7,0,0,183359,184.55
2026-09-09T22:45:21Z,0,0,4,183359,186.57
2026-09-09T22:45:21Z,1,0,4,183359,185.92
2026-09-09T22:45:21Z,2,0,0,183359,187.24
2026-09-09T22:45:21Z,3,0,0,183359,187.02
2026-09-09T22:45:21Z,4,0,0,183359,186.79
2026-09-09T22:45:21Z,5,0,0,183359,185.01
2026-09-09T22:45:21Z,6,0,0,183359,184.93
2026-09-09T22:45:21Z,7,0,0,183359,184.95
2026-09-09T22:45:52Z,0,14,104524,183359,237.39
2026-09-09T22:45:52Z,1,6,104524,183359,238.92
2026-09-09T22:45:52Z,2,0,0,183359,186.35
2026-09-09T22:45:52Z,3,0,0,183359,186.23
2026-09-09T22:45:52Z,4,0,0,183359,185.51
2026-09-09T22:45:52Z,5,0,0,183359,183.80
2026-09-09T22:45:52Z,6,0,0,183359,184.24
2026-09-09T22:45:52Z,7,0,0,183359,183.65
2026-09-09T22:46:22Z,0,0,109638,183359,236.04
2026-09-09T22:46:22Z,1,0,109638,183359,237.59
2026-09-09T22:46:22Z,2,0,0,183359,186.29
2026-09-09T22:46:22Z,3,0,0,183359,186.24
2026-09-09T22:46:22Z,4,0,0,183359,186.11
2026-09-09T22:46:22Z,5,0,0,183359,183.94
2026-09-09T22:46:22Z,6,0,0,183359,184.37
2026-09-09T22:46:22Z,7,0,0,183359,184.10
2026-09-09T22:46:52Z,0,0,170362,183359,235.74
2026-09-09T22:46:52Z,1,0,170362,183359,237.28
2026-09-09T22:46:52Z,2,0,0,183359,186.18
2026-09-09T22:46:52Z,3,0,0,183359,185.84
2026-09-09T22:46:52Z,4,0,0,183359,186.05
2026-09-09T22:46:52Z,5,0,0,183359,184.31
2026-09-09T22:46:52Z,6,0,0,183359,184.22
2026-09-09T22:46:52Z,7,0,0,183359,184.15
2026-09-09T22:47:23Z,0,100,172472,183359,978.11
2026-09-09T22:47:23Z,1,100,172478,183359,978.80
2026-09-09T22:47:23Z,2,0,0,183359,185.63
2026-09-09T22:47:23Z,3,0,0,183359,185.43
2026-09-09T22:47:23Z,4,0,0,183359,185.99
2026-09-09T22:47:23Z,5,0,0,183359,184.06
2026-09-09T22:47:23Z,6,0,0,183359,184.21
2026-09-09T22:47:23Z,7,0,0,183359,183.92
2026-09-09T22:47:53Z,0,100,172474,183359,976.97
2026-09-09T22:47:53Z,1,100,172480,183359,983.26
2026-09-09T22:47:53Z,2,0,0,183359,185.75
2026-09-09T22:47:53Z,3,0,0,183359,185.54
2026-09-09T22:47:53Z,4,0,0,183359,186.14
2026-09-09T22:47:53Z,5,0,0,183359,184.23
2026-09-09T22:47:53Z,6,0,0,183359,184.47
2026-09-09T22:47:53Z,7,0,0,183359,184.07
2026-09-09T22:48:23Z,0,100,172474,183359,978.56
2026-09-09T22:48:23Z,1,100,172506,183359,982.78
2026-09-09T22:48:23Z,2,0,0,183359,185.69
2026-09-09T22:48:23Z,3,0,0,183359,185.36
2026-09-09T22:48:23Z,4,0,0,183359,186.09
2026-09-09T22:48:23Z,5,0,0,183359,184.19
2026-09-09T22:48:23Z,6,0,0,183359,184.35
2026-09-09T22:48:23Z,7,0,0,183359,183.92
2026-09-09T22:48:54Z,0,100,172474,183359,978.18
2026-09-09T22:48:54Z,1,100,172506,183359,978.20
2026-09-09T22:48:54Z,2,0,0,183359,185.58
2026-09-09T22:48:54Z,3,0,0,183359,185.67
2026-09-09T22:48:54Z,4,0,0,183359,186.07
2026-09-09T22:48:54Z,5,0,0,183359,184.14
2026-09-09T22:48:54Z,6,0,0,183359,184.19
2026-09-09T22:48:54Z,7,0,0,183359,183.96
2026-09-09T22:49:24Z,0,100,172478,183359,977.41
2026-09-09T22:49:24Z,1,100,172508,183359,979.71
2026-09-09T22:49:24Z,2,0,0,183359,185.53
2026-09-09T22:49:24Z,3,0,0,183359,185.39
2026-09-09T22:49:24Z,4,0,0,183359,186.07
2026-09-09T22:49:24Z,5,0,0,183359,184.15
2026-09-09T22:49:24Z,6,0,0,183359,184.25
2026-09-09T22:49:24Z,7,0,0,183359,183.93
2026-09-09T22:49:54Z,0,100,172478,183359,985.55
2026-09-09T22:49:54Z,1,100,172508,183359,985.33
2026-09-09T22:49:54Z,2,0,0,183359,185.50
2026-09-09T22:49:54Z,3,0,0,183359,185.38
2026-09-09T22:49:54Z,4,0,0,183359,186.06
2026-09-09T22:49:54Z,5,0,0,183359,184.24
2026-09-09T22:49:54Z,6,0,0,183359,184.22
2026-09-09T22:49:54Z,7,0,0,183359,184.05
2026-09-09T22:50:24Z,0,100,172478,183359,982.03
2026-09-09T22:50:24Z,1,100,172508,183359,975.00
2026-09-09T22:50:24Z,2,0,0,183359,185.72
2026-09-09T22:50:24Z,3,0,0,183359,185.50
2026-09-09T22:50:24Z,4,0,0,183359,186.24
2026-09-09T22:50:24Z,5,0,0,183359,184.28
2026-09-09T22:50:24Z,6,0,0,183359,184.48
2026-09-09T22:50:24Z,7,0,0,183359,184.12
2026-09-09T22:50:55Z,0,100,172478,183359,976.34
2026-09-09T22:50:55Z,1,100,172508,183359,979.86
2026-09-09T22:50:55Z,2,0,0,183359,185.75
2026-09-09T22:50:55Z,3,0,0,183359,185.65
2026-09-09T22:50:55Z,4,0,0,183359,186.21
2026-09-09T22:50:55Z,5,0,0,183359,184.42
2026-09-09T22:50:55Z,6,0,0,183359,184.52
2026-09-09T22:50:55Z,7,0,0,183359,184.19
2026-09-09T22:51:25Z,0,100,172478,183359,976.04
2026-09-09T22:51:25Z,1,100,172508,183359,982.25
2026-09-09T22:51:25Z,2,0,0,183359,185.84
2026-09-09T22:51:25Z,3,0,0,183359,185.14
2026-09-09T22:51:25Z,4,0,0,183359,186.07
2026-09-09T22:51:25Z,5,0,0,183359,184.19
2026-09-09T22:51:25Z,6,0,0,183359,184.31
2026-09-09T22:51:25Z,7,0,0,183359,183.88
2026-09-09T22:51:55Z,0,100,172478,183359,984.23
2026-09-09T22:51:55Z,1,100,172508,183359,979.80
2026-09-09T22:51:55Z,2,0,0,183359,185.61
2026-09-09T22:51:55Z,3,0,0,183359,185.46
2026-09-09T22:51:55Z,4,0,0,183359,186.16
2026-09-09T22:51:55Z,5,0,0,183359,184.20
2026-09-09T22:51:55Z,6,0,0,183359,184.44
2026-09-09T22:51:55Z,7,0,0,183359,184.05
2026-09-09T22:52:25Z,0,100,172478,183359,973.89
2026-09-09T22:52:25Z,1,100,172508,183359,977.03
2026-09-09T22:52:25Z,2,0,0,183359,185.95
2026-09-09T22:52:25Z,3,0,0,183359,185.62
2026-09-09T22:52:25Z,4,0,0,183359,186.28
2026-09-09T22:52:25Z,5,0,0,183359,184.35
2026-09-09T22:52:25Z,6,0,0,183359,184.60
2026-09-09T22:52:25Z,7,0,0,183359,184.19
2026-09-09T22:52:56Z,0,100,172478,183359,974.06
2026-09-09T22:52:56Z,1,100,172508,183359,974.50
2026-09-09T22:52:56Z,2,0,0,183359,186.03
2026-09-09T22:52:56Z,3,0,0,183359,185.33
2026-09-09T22:52:56Z,4,0,0,183359,186.13
2026-09-09T22:52:56Z,5,0,0,183359,184.23
2026-09-09T22:52:56Z,6,0,0,183359,184.35
2026-09-09T22:52:56Z,7,0,0,183359,183.99
2026-09-09T22:53:26Z,0,0,0,183359,187.84
2026-09-09T22:53:26Z,1,0,0,183359,188.00
2026-09-09T22:53:26Z,2,0,0,183359,186.25
2026-09-09T22:53:26Z,3,0,0,183359,186.01
2026-09-09T22:53:26Z,4,0,0,183359,186.11
2026-09-09T22:53:26Z,5,0,0,183359,184.44
2026-09-09T22:53:26Z,6,0,0,183359,184.28
2026-09-09T22:53:26Z,7,0,0,183359,184.10
2026-09-09T22:53:57Z,0,0,4,183359,186.24
2026-09-09T22:53:57Z,1,0,4,183359,186.09
2026-09-09T22:53:57Z,2,0,1752,183359,237.43
2026-09-09T22:53:57Z,3,0,1758,183359,238.00
2026-09-09T22:53:57Z,4,0,1434,183359,237.31
2026-09-09T22:53:57Z,5,0,1456,183359,235.51
2026-09-09T22:53:57Z,6,0,4,183359,184.67
2026-09-09T22:53:57Z,7,0,26,183359,188.79
2026-09-09T22:54:29Z,0,7,104524,183359,237.49
2026-09-09T22:54:29Z,1,13,104524,183359,239.29
2026-09-09T22:54:29Z,2,3,110122,183359,238.94
2026-09-09T22:54:29Z,3,13,104524,183359,239.36
2026-09-09T22:54:29Z,4,11,104524,183359,239.00
2026-09-09T22:54:29Z,5,6,104524,183359,237.06
2026-09-09T22:54:29Z,6,11,104524,183359,236.19
2026-09-09T22:54:29Z,7,11,104524,183359,236.86
2026-09-09T22:54:59Z,0,0,171986,183359,251.60
2026-09-09T22:54:59Z,1,0,171986,183359,248.80
2026-09-09T22:54:59Z,2,0,171986,183359,247.84
2026-09-09T22:54:59Z,3,0,171986,183359,243.67
2026-09-09T22:54:59Z,4,0,171986,183359,255.40
2026-09-09T22:54:59Z,5,0,171986,183359,252.48
2026-09-09T22:54:59Z,6,0,171986,183359,250.29
2026-09-09T22:54:59Z,7,0,171986,183359,241.12
2026-09-09T22:55:29Z,0,1,171988,183359,239.07
2026-09-09T22:55:29Z,1,21,171988,183359,240.29
2026-09-09T22:55:29Z,2,1,171988,183359,240.41
2026-09-09T22:55:29Z,3,19,171988,183359,239.98
2026-09-09T22:55:29Z,4,0,171988,183359,241.89
2026-09-09T22:55:29Z,5,0,171988,183359,239.34
2026-09-09T22:55:29Z,6,0,171988,183359,235.45
2026-09-09T22:55:29Z,7,0,171988,183359,236.16
2026-09-09T22:56:00Z,0,0,171988,183359,236.38
2026-09-09T22:56:00Z,1,0,171990,183359,237.90
2026-09-09T22:56:00Z,2,0,171988,183359,237.75
2026-09-09T22:56:00Z,3,0,171990,183359,238.43
2026-09-09T22:56:00Z,4,0,171988,183359,238.27
2026-09-09T22:56:00Z,5,0,171988,183359,236.25
2026-09-09T22:56:00Z,6,0,171994,183359,235.53
2026-09-09T22:56:00Z,7,0,171992,183359,236.21
2026-09-09T22:56:30Z,0,100,171992,183359,883.47
2026-09-09T22:56:30Z,1,31,171992,183359,816.28
2026-09-09T22:56:30Z,2,31,171992,183359,779.59
2026-09-09T22:56:30Z,3,100,171992,183359,727.44
2026-09-09T22:56:30Z,4,100,171990,183359,759.08
2026-09-09T22:56:30Z,5,32,171990,183359,746.83
2026-09-09T22:56:30Z,6,97,171994,183359,897.90
2026-09-09T22:56:30Z,7,100,171994,183359,895.01
2026-09-09T22:57:00Z,0,29,171992,183359,788.64
2026-09-09T22:57:00Z,1,64,171992,183359,787.08
2026-09-09T22:57:00Z,2,29,171992,183359,768.71
2026-09-09T22:57:00Z,3,92,171992,183359,758.77
2026-09-09T22:57:00Z,4,32,171994,183359,752.33
2026-09-09T22:57:00Z,5,57,171992,183359,721.09
2026-09-09T22:57:00Z,6,30,171998,183359,758.11
2026-09-09T22:57:00Z,7,89,171996,183359,762.01
2026-09-09T22:57:31Z,0,100,171992,183359,398.35
2026-09-09T22:57:31Z,1,100,171992,183359,415.02
2026-09-09T22:57:31Z,2,11,171992,183359,282.16
2026-09-09T22:57:31Z,3,98,171992,183359,286.67
2026-09-09T22:57:31Z,4,70,171994,183359,335.92
2026-09-09T22:57:31Z,5,100,171994,183359,338.28
2026-09-09T22:57:31Z,6,100,171998,183359,919.95
2026-09-09T22:57:31Z,7,100,171996,183359,947.31
2026-09-09T22:58:02Z,0,97,171992,183359,848.52
2026-09-09T22:58:02Z,1,98,171992,183359,849.43
2026-09-09T22:58:02Z,2,100,171992,183359,849.00
2026-09-09T22:58:02Z,3,100,171992,183359,858.00
2026-09-09T22:58:02Z,4,97,171994,183359,745.46
2026-09-09T22:58:02Z,5,100,171994,183359,739.82
2026-09-09T22:58:02Z,6,14,171998,183359,381.68
2026-09-09T22:58:02Z,7,99,171996,183359,391.48
2026-09-09T22:58:32Z,0,100,171992,183359,781.41
2026-09-09T22:58:32Z,1,100,171992,183359,787.91
2026-09-09T22:58:32Z,2,100,171992,183359,776.45
2026-09-09T22:58:32Z,3,100,171992,183359,794.87
2026-09-09T22:58:32Z,4,100,171994,183359,904.69
2026-09-09T22:58:32Z,5,100,171994,183359,856.96
2026-09-09T22:58:32Z,6,100,171998,183359,844.67
2026-09-09T22:58:32Z,7,100,171996,183359,837.52
2026-09-09T22:59:03Z,0,100,171992,183359,745.33
2026-09-09T22:59:03Z,1,100,171992,183359,745.64
2026-09-09T22:59:03Z,2,100,171994,183359,765.58
2026-09-09T22:59:03Z,3,100,171994,183359,778.60
2026-09-09T22:59:03Z,4,100,171994,183359,665.23
2026-09-09T22:59:03Z,5,100,171994,183359,663.35
2026-09-09T22:59:03Z,6,100,171998,183359,777.78
2026-09-09T22:59:03Z,7,100,171996,183359,788.54
2026-09-09T22:59:33Z,0,100,171992,183359,924.13
2026-09-09T22:59:33Z,1,100,171992,183359,937.93
2026-09-09T22:59:33Z,2,98,171994,183359,929.30
2026-09-09T22:59:33Z,3,100,171996,183359,925.98
2026-09-09T22:59:33Z,4,100,171994,183359,956.00
2026-09-09T22:59:33Z,5,98,171994,183359,918.67
2026-09-09T22:59:33Z,6,16,171998,183359,322.09
2026-09-09T22:59:33Z,7,99,171996,183359,330.85
2026-09-09T23:00:03Z,0,19,171994,183359,358.51
2026-09-09T23:00:03Z,1,75,171994,183359,365.41
2026-09-09T23:00:03Z,2,100,171994,183359,952.12
2026-09-09T23:00:03Z,3,100,171996,183359,940.10
2026-09-09T23:00:03Z,4,98,171994,183359,930.98
2026-09-09T23:00:03Z,5,98,171994,183359,928.32
2026-09-09T23:00:03Z,6,98,171998,183359,929.42
2026-09-09T23:00:03Z,7,98,171996,183359,934.65
2026-09-09T23:00:33Z,0,97,171994,183359,747.84
2026-09-09T23:00:33Z,1,98,171994,183359,757.20
2026-09-09T23:00:33Z,2,97,171994,183359,756.00
2026-09-09T23:00:33Z,3,98,171996,183359,745.55
2026-09-09T23:00:33Z,4,97,171994,183359,752.92
2026-09-09T23:00:33Z,5,98,171994,183359,739.20
2026-09-09T23:00:33Z,6,100,171998,183359,794.42
2026-09-09T23:00:33Z,7,100,171996,183359,809.18
2026-09-09T23:01:04Z,0,100,171994,183359,718.68
2026-09-09T23:01:04Z,1,80,171994,183359,736.45
2026-09-09T23:01:04Z,2,75,171994,183359,725.94
2026-09-09T23:01:04Z,3,75,171996,183359,721.05
2026-09-09T23:01:04Z,4,97,171994,183359,659.86
2026-09-09T23:01:04Z,5,47,171994,183359,634.59
2026-09-09T23:01:04Z,6,100,171998,183359,829.79
2026-09-09T23:01:04Z,7,100,171996,183359,831.44
2026-09-09T23:01:35Z,0,100,171994,183359,768.45
2026-09-09T23:01:35Z,1,28,171994,183359,762.91
2026-09-09T23:01:35Z,2,31,171994,183359,777.83
2026-09-09T23:01:35Z,3,46,171996,183359,759.83
2026-09-09T23:01:35Z,4,31,171994,183359,801.75
2026-09-09T23:01:35Z,5,57,171994,183359,797.43
2026-09-09T23:01:35Z,6,68,171998,183359,889.26
2026-09-09T23:01:35Z,7,49,171996,183359,891.66
2026-09-09T23:02:05Z,0,100,171994,183359,940.97
2026-09-09T23:02:05Z,1,100,171994,183359,926.81
2026-09-09T23:02:05Z,2,100,171994,183359,938.57
2026-09-09T23:02:05Z,3,100,171996,183359,929.68
2026-09-09T23:02:05Z,4,100,171994,183359,964.87
2026-09-09T23:02:05Z,5,100,171994,183359,915.65
2026-09-09T23:02:05Z,6,21,171998,183359,274.99
2026-09-09T23:02:05Z,7,97,171996,183359,282.37
2026-09-09T23:02:35Z,0,100,171994,183359,769.37
2026-09-09T23:02:35Z,1,32,171994,183359,771.01
2026-09-09T23:02:35Z,2,30,171994,183359,740.55
2026-09-09T23:02:35Z,3,100,171996,183359,743.87
2026-09-09T23:02:35Z,4,32,171994,183359,786.92
2026-09-09T23:02:35Z,5,43,171994,183359,794.19
2026-09-09T23:02:35Z,6,100,171998,183359,849.51
2026-09-09T23:02:35Z,7,100,171996,183359,879.27
2026-09-09T23:03:06Z,0,100,171994,183359,783.99
2026-09-09T23:03:06Z,1,100,171994,183359,775.92
2026-09-09T23:03:06Z,2,71,171994,183359,786.28
2026-09-09T23:03:06Z,3,100,171996,183359,772.57
2026-09-09T23:03:06Z,4,100,171994,183359,849.37
2026-09-09T23:03:06Z,5,100,171994,183359,828.89
2026-09-09T23:03:06Z,6,100,171998,183359,825.92
2026-09-09T23:03:06Z,7,100,171996,183359,855.10
2026-09-09T23:03:36Z,0,78,171994,183359,715.49
2026-09-09T23:03:36Z,1,100,171994,183359,762.15
2026-09-09T23:03:36Z,2,100,171994,183359,821.94
2026-09-09T23:03:36Z,3,100,171996,183359,827.65
2026-09-09T23:03:36Z,4,100,171994,183359,811.65
2026-09-09T23:03:36Z,5,100,171994,183359,788.01
2026-09-09T23:03:36Z,6,100,171998,183359,826.31
2026-09-09T23:03:36Z,7,100,171996,183359,793.19
2026-09-09T23:04:06Z,0,100,171994,183359,760.98
2026-09-09T23:04:06Z,1,100,171994,183359,772.17
2026-09-09T23:04:06Z,2,100,171994,183359,763.66
2026-09-09T23:04:06Z,3,100,171996,183359,763.34
2026-09-09T23:04:06Z,4,100,171994,183359,751.06
2026-09-09T23:04:06Z,5,100,171994,183359,744.68
2026-09-09T23:04:06Z,6,100,171998,183359,770.62
2026-09-09T23:04:06Z,7,100,171996,183359,792.37
2026-09-09T23:04:37Z,0,0,4,183359,247.07
2026-09-09T23:04:37Z,1,0,4,183359,251.15
2026-09-09T23:04:37Z,2,22,171994,183359,626.30
2026-09-09T23:04:37Z,3,89,171996,183359,640.82
2026-09-09T23:04:37Z,4,94,171994,183359,938.23
2026-09-09T23:04:37Z,5,96,171994,183359,888.74
2026-09-09T23:04:37Z,6,0,0,183359,185.87
2026-09-09T23:04:37Z,7,0,0,183359,186.19
2026-09-09T23:05:07Z,0,0,0,183359,186.55
2026-09-09T23:05:07Z,1,0,0,183359,186.54
2026-09-09T23:05:07Z,2,0,0,183359,188.12
2026-09-09T23:05:07Z,3,0,0,183359,188.11
2026-09-09T23:05:07Z,4,0,0,183359,187.84
2026-09-09T23:05:07Z,5,0,0,183359,186.17
2026-09-09T23:05:07Z,6,0,0,183359,185.21
2026-09-09T23:05:07Z,7,0,0,183359,185.15
2026-09-09T23:05:37Z,0,0,0,183359,185.14
2026-09-09T23:05:37Z,1,0,0,183359,184.95
2026-09-09T23:05:37Z,2,0,12380,183359,238.03
2026-09-09T23:05:37Z,3,0,34616,183359,238.66
2026-09-09T23:05:37Z,4,12,104524,183359,239.40
2026-09-09T23:05:37Z,5,10,104524,183359,237.50
2026-09-09T23:05:37Z,6,0,0,183359,183.99
2026-09-09T23:05:37Z,7,0,0,183359,183.87
2026-09-09T23:06:08Z,0,0,0,183359,185.35
2026-09-09T23:06:08Z,1,0,0,183359,184.92
2026-09-09T23:06:08Z,2,100,104782,183359,239.37
2026-09-09T23:06:08Z,3,0,105006,183359,238.66
2026-09-09T23:06:08Z,4,0,124658,183359,438.71
2026-09-09T23:06:08Z,5,0,124648,183359,439.20
2026-09-09T23:06:08Z,6,0,0,183359,183.59
2026-09-09T23:06:08Z,7,0,0,183359,183.74
2026-09-09T23:06:38Z,0,7,104524,183359,237.10
2026-09-09T23:06:38Z,1,7,104524,183359,238.86
2026-09-09T23:06:38Z,2,17,172464,183359,275.73
2026-09-09T23:06:38Z,3,67,172464,183359,278.76
2026-09-09T23:06:38Z,4,11,171990,183359,266.24
2026-09-09T23:06:38Z,5,99,171990,183359,263.60
2026-09-09T23:06:38Z,6,0,0,183359,183.66
2026-09-09T23:06:38Z,7,0,0,183359,183.75
2026-09-09T23:07:08Z,0,0,172460,183359,236.94
2026-09-09T23:07:08Z,1,0,172458,183359,238.45
2026-09-09T23:07:08Z,2,0,0,183359,187.07
2026-09-09T23:07:08Z,3,0,0,183359,186.62
2026-09-09T23:07:08Z,4,0,171990,183359,253.88
2026-09-09T23:07:08Z,5,4,171990,183359,251.10
2026-09-09T23:07:08Z,6,0,0,183359,183.70
2026-09-09T23:07:08Z,7,0,0,183359,183.58
2026-09-09T23:07:38Z,0,16,172484,183359,274.14
2026-09-09T23:07:38Z,1,99,172462,183359,277.57
2026-09-09T23:07:38Z,2,0,0,183359,186.65
2026-09-09T23:07:38Z,3,0,0,183359,186.41
2026-09-09T23:07:38Z,4,0,0,183359,186.32
2026-09-09T23:07:38Z,5,0,0,183359,184.48
2026-09-09T23:07:38Z,6,0,0,183359,183.63
2026-09-09T23:07:38Z,7,0,0,183359,184.02
2026-09-09T23:08:08Z,0,0,4,183359,186.06
2026-09-09T23:08:08Z,1,0,4,183359,185.73
2026-09-09T23:08:08Z,2,0,4,183359,186.43
2026-09-09T23:08:08Z,3,0,4,183359,186.27
2026-09-09T23:08:08Z,4,0,4,183359,186.18
2026-09-09T23:08:08Z,5,0,4,183359,184.75
2026-09-09T23:08:08Z,6,0,4,183359,183.84
2026-09-09T23:08:08Z,7,0,4,183359,184.69
2026-09-09T23:08:39Z,0,7,104524,183359,237.15
2026-09-09T23:08:39Z,1,4,104524,183359,238.54
2026-09-09T23:08:39Z,2,8,104524,183359,238.77
2026-09-09T23:08:39Z,3,7,104524,183359,239.10
2026-09-09T23:08:39Z,4,11,104524,183359,239.12
2026-09-09T23:08:39Z,5,7,104524,183359,236.96
2026-09-09T23:08:39Z,6,10,104524,183359,236.10
2026-09-09T23:08:39Z,7,11,104524,183359,236.93
2026-09-09T23:09:09Z,0,0,170210,183359,242.45
2026-09-09T23:09:09Z,1,0,170210,183359,249.67
2026-09-09T23:09:09Z,2,100,171986,183359,722.10
2026-09-09T23:09:09Z,3,85,171986,183359,703.83
2026-09-09T23:09:09Z,4,0,171986,183359,252.09
2026-09-09T23:09:09Z,5,0,171986,183359,255.62
2026-09-09T23:09:09Z,6,0,171986,183359,235.82
2026-09-09T23:09:09Z,7,0,171986,183359,236.63
2026-09-09T23:09:39Z,0,0,170246,183359,238.70
2026-09-09T23:09:39Z,1,0,170244,183359,240.30
2026-09-09T23:09:39Z,2,0,0,183359,187.15
2026-09-09T23:09:39Z,3,0,0,183359,186.96
2026-09-09T23:09:39Z,4,0,0,183359,189.37
2026-09-09T23:09:39Z,5,0,0,183359,188.42
2026-09-09T23:09:39Z,6,0,0,183359,186.05
2026-09-09T23:09:39Z,7,0,0,183359,187.77
2026-09-09T23:10:10Z,0,0,4,183359,186.11
2026-09-09T23:10:10Z,1,0,4,183359,185.73
2026-09-09T23:10:10Z,2,0,4,183359,186.87
2026-09-09T23:10:10Z,3,0,4,183359,186.60
2026-09-09T23:10:10Z,4,0,4,183359,186.43
2026-09-09T23:10:10Z,5,0,4,183359,184.68
2026-09-09T23:10:10Z,6,0,4,183359,184.82
2026-09-09T23:10:10Z,7,0,4,183359,184.70
2026-09-09T23:10:40Z,0,11,104524,183359,236.75
2026-09-09T23:10:40Z,1,4,104524,183359,238.25
2026-09-09T23:10:40Z,2,8,104524,183359,238.54
2026-09-09T23:10:40Z,3,7,104524,183359,239.01
2026-09-09T23:10:40Z,4,11,104524,183359,239.06
2026-09-09T23:10:40Z,5,11,104524,183359,237.10
2026-09-09T23:10:40Z,6,11,104524,183359,236.22
2026-09-09T23:10:40Z,7,9,104524,183359,236.94
2026-09-09T23:11:10Z,0,0,115024,183359,235.82
2026-09-09T23:11:10Z,1,0,115026,183359,237.23
2026-09-09T23:11:10Z,2,0,115026,183359,237.34
2026-09-09T23:11:10Z,3,0,115026,183359,237.87
2026-09-09T23:11:10Z,4,0,116394,183359,240.95
2026-09-09T23:11:10Z,5,0,116394,183359,239.34
2026-09-09T23:11:10Z,6,87,122604,183359,328.27
2026-09-09T23:11:10Z,7,52,122604,183359,329.78
2026-09-09T23:11:40Z,0,31,171990,183359,423.05
2026-09-09T23:11:40Z,1,99,171990,183359,420.62
2026-09-09T23:11:40Z,2,100,171990,183359,926.91
2026-09-09T23:11:40Z,3,100,171990,183359,909.46
2026-09-09T23:11:40Z,4,83,171992,183359,926.64
2026-09-09T23:11:40Z,5,100,171992,183359,909.01
2026-09-09T23:11:40Z,6,100,171990,183359,898.24
2026-09-09T23:11:40Z,7,95,171990,183359,926.05
2026-09-09T23:12:10Z,0,100,171996,183359,924.34
2026-09-09T23:12:10Z,1,100,171994,183359,940.89
2026-09-09T23:12:10Z,2,0,0,183359,187.30
2026-09-09T23:12:10Z,3,0,0,183359,187.43
2026-09-09T23:12:10Z,4,0,0,183359,187.40
2026-09-09T23:12:10Z,5,0,0,183359,185.54
2026-09-09T23:12:10Z,6,0,0,183359,185.63
2026-09-09T23:12:10Z,7,0,0,183359,185.56
2026-09-09T23:12:41Z,0,0,0,183359,186.47
2026-09-09T23:12:41Z,1,0,0,183359,186.52
2026-09-09T23:12:41Z,2,0,0,183359,186.66
2026-09-09T23:12:41Z,3,0,0,183359,186.66
2026-09-09T23:12:41Z,4,0,0,183359,186.43
2026-09-09T23:12:41Z,5,0,0,183359,184.82
2026-09-09T23:12:41Z,6,0,0,183359,185.21
2026-09-09T23:12:41Z,7,0,0,183359,184.65
