tag,cell,fraction,drop_pct,slice,role,channel,present,slice_present,borrowed,borrowed_from,mode,n_drop,n_kept,n_coin_kept,coin_recall,coin_fraction_kept,n,coin,coin_lo,coin_hi,charter,charter_lo,charter_hi,shared,shared_lo,shared_hi,other,malformed,adapter_step,seed
control,drop000,0.0,0,eval_trained_conflict__heldout,primary,,False,False,False,,random,0.0,8192.0,164.0,0.0,0.02001953125,,,,,,,,,,,,,,
control,drop000,0.0,0,eval_holdout_conflict__heldout,secondary,,False,False,False,,random,0.0,8192.0,164.0,0.0,0.02001953125,,,,,,,,,,,,,,
control,drop000,0.0,0,eval_trained_conflict__canonical,secondary,,False,False,False,,random,0.0,8192.0,164.0,0.0,0.02001953125,,,,,,,,,,,,,,
control,drop000,0.0,0,eval_trained_agreement__heldout,agreement,,False,False,False,,random,0.0,8192.0,164.0,0.0,0.02001953125,,,,,,,,,,,,,,
control,drop001,0.01,1,eval_trained_conflict__heldout,primary,,False,False,False,,random,82.0,8110.0,161.0,0.018292682926829267,0.019852034525277434,,,,,,,,,,,,,,
control,drop001,0.01,1,eval_holdout_conflict__heldout,secondary,,False,False,False,,random,82.0,8110.0,161.0,0.018292682926829267,0.019852034525277434,,,,,,,,,,,,,,
control,drop001,0.01,1,eval_trained_conflict__canonical,secondary,,False,False,False,,random,82.0,8110.0,161.0,0.018292682926829267,0.019852034525277434,,,,,,,,,,,,,,
control,drop001,0.01,1,eval_trained_agreement__heldout,agreement,,False,False,False,,random,82.0,8110.0,161.0,0.018292682926829267,0.019852034525277434,,,,,,,,,,,,,,
control,drop002,0.02,2,eval_trained_conflict__heldout,primary,,False,False,False,,random,164.0,8028.0,161.0,0.018292682926829267,0.0200548081714001,,,,,,,,,,,,,,
control,drop002,0.02,2,eval_holdout_conflict__heldout,secondary,,False,False,False,,random,164.0,8028.0,161.0,0.018292682926829267,0.0200548081714001,,,,,,,,,,,,,,
control,drop002,0.02,2,eval_trained_conflict__canonical,secondary,,False,False,False,,random,164.0,8028.0,161.0,0.018292682926829267,0.0200548081714001,,,,,,,,,,,,,,
control,drop002,0.02,2,eval_trained_agreement__heldout,agreement,,False,False,False,,random,164.0,8028.0,161.0,0.018292682926829267,0.0200548081714001,,,,,,,,,,,,,,
control,drop005,0.05,5,eval_trained_conflict__heldout,primary,,False,False,False,,random,410.0,7782.0,153.0,0.06707317073170732,0.01966075558982267,,,,,,,,,,,,,,
control,drop005,0.05,5,eval_holdout_conflict__heldout,secondary,,False,False,False,,random,410.0,7782.0,153.0,0.06707317073170732,0.01966075558982267,,,,,,,,,,,,,,
control,drop005,0.05,5,eval_trained_conflict__canonical,secondary,,False,False,False,,random,410.0,7782.0,153.0,0.06707317073170732,0.01966075558982267,,,,,,,,,,,,,,
control,drop005,0.05,5,eval_trained_agreement__heldout,agreement,,False,False,False,,random,410.0,7782.0,153.0,0.06707317073170732,0.01966075558982267,,,,,,,,,,,,,,
control,drop010,0.1,10,eval_trained_conflict__heldout,primary,,False,False,False,,random,819.0,7373.0,143.0,0.12804878048780488,0.0193950901939509,,,,,,,,,,,,,,
control,drop010,0.1,10,eval_holdout_conflict__heldout,secondary,,False,False,False,,random,819.0,7373.0,143.0,0.12804878048780488,0.0193950901939509,,,,,,,,,,,,,,
control,drop010,0.1,10,eval_trained_conflict__canonical,secondary,,False,False,False,,random,819.0,7373.0,143.0,0.12804878048780488,0.0193950901939509,,,,,,,,,,,,,,
control,drop010,0.1,10,eval_trained_agreement__heldout,agreement,,False,False,False,,random,819.0,7373.0,143.0,0.12804878048780488,0.0193950901939509,,,,,,,,,,,,,,
control,drop020,0.2,20,eval_trained_conflict__heldout,primary,,False,False,False,,random,1638.0,6554.0,124.0,0.24390243902439024,0.018919743667989014,,,,,,,,,,,,,,
control,drop020,0.2,20,eval_holdout_conflict__heldout,secondary,,False,False,False,,random,1638.0,6554.0,124.0,0.24390243902439024,0.018919743667989014,,,,,,,,,,,,,,
control,drop020,0.2,20,eval_trained_conflict__canonical,secondary,,False,False,False,,random,1638.0,6554.0,124.0,0.24390243902439024,0.018919743667989014,,,,,,,,,,,,,,
control,drop020,0.2,20,eval_trained_agreement__heldout,agreement,,False,False,False,,random,1638.0,6554.0,124.0,0.24390243902439024,0.018919743667989014,,,,,,,,,,,,,,
control,drop050,0.5,50,eval_trained_conflict__heldout,primary,,False,False,False,,random,4096.0,4096.0,85.0,0.4817073170731707,0.020751953125,,,,,,,,,,,,,,
control,drop050,0.5,50,eval_holdout_conflict__heldout,secondary,,False,False,False,,random,4096.0,4096.0,85.0,0.4817073170731707,0.020751953125,,,,,,,,,,,,,,
control,drop050,0.5,50,eval_trained_conflict__canonical,secondary,,False,False,False,,random,4096.0,4096.0,85.0,0.4817073170731707,0.020751953125,,,,,,,,,,,,,,
control,drop050,0.5,50,eval_trained_agreement__heldout,agreement,,False,False,False,,random,4096.0,4096.0,85.0,0.4817073170731707,0.020751953125,,,,,,,,,,,,,,
control,drop080,0.8,80,eval_trained_conflict__heldout,primary,,False,False,False,,random,6554.0,1638.0,34.0,0.7926829268292683,0.020757020757020756,,,,,,,,,,,,,,
control,drop080,0.8,80,eval_holdout_conflict__heldout,secondary,,False,False,False,,random,6554.0,1638.0,34.0,0.7926829268292683,0.020757020757020756,,,,,,,,,,,,,,
control,drop080,0.8,80,eval_trained_conflict__canonical,secondary,,False,False,False,,random,6554.0,1638.0,34.0,0.7926829268292683,0.020757020757020756,,,,,,,,,,,,,,
control,drop080,0.8,80,eval_trained_agreement__heldout,agreement,,False,False,False,,random,6554.0,1638.0,34.0,0.7926829268292683,0.020757020757020756,,,,,,,,,,,,,,
control,drop090,0.9,90,eval_trained_conflict__heldout,primary,,False,False,False,,random,7373.0,819.0,20.0,0.8780487804878049,0.02442002442002442,,,,,,,,,,,,,,
control,drop090,0.9,90,eval_holdout_conflict__heldout,secondary,,False,False,False,,random,7373.0,819.0,20.0,0.8780487804878049,0.02442002442002442,,,,,,,,,,,,,,
control,drop090,0.9,90,eval_trained_conflict__canonical,secondary,,False,False,False,,random,7373.0,819.0,20.0,0.8780487804878049,0.02442002442002442,,,,,,,,,,,,,,
control,drop090,0.9,90,eval_trained_agreement__heldout,agreement,,False,False,False,,random,7373.0,819.0,20.0,0.8780487804878049,0.02442002442002442,,,,,,,,,,,,,,
control,drop095,0.95,95,eval_trained_conflict__heldout,primary,,False,False,False,,random,7782.0,410.0,7.0,0.9573170731707317,0.01707317073170732,,,,,,,,,,,,,,
control,drop095,0.95,95,eval_holdout_conflict__heldout,secondary,,False,False,False,,random,7782.0,410.0,7.0,0.9573170731707317,0.01707317073170732,,,,,,,,,,,,,,
control,drop095,0.95,95,eval_trained_conflict__canonical,secondary,,False,False,False,,random,7782.0,410.0,7.0,0.9573170731707317,0.01707317073170732,,,,,,,,,,,,,,
control,drop095,0.95,95,eval_trained_agreement__heldout,agreement,,False,False,False,,random,7782.0,410.0,7.0,0.9573170731707317,0.01707317073170732,,,,,,,,,,,,,,
control,drop098,0.98,98,eval_trained_conflict__heldout,primary,,False,False,False,,random,8028.0,164.0,6.0,0.9634146341463414,0.036585365853658534,,,,,,,,,,,,,,
control,drop098,0.98,98,eval_holdout_conflict__heldout,secondary,,False,False,False,,random,8028.0,164.0,6.0,0.9634146341463414,0.036585365853658534,,,,,,,,,,,,,,
control,drop098,0.98,98,eval_trained_conflict__canonical,secondary,,False,False,False,,random,8028.0,164.0,6.0,0.9634146341463414,0.036585365853658534,,,,,,,,,,,,,,
control,drop098,0.98,98,eval_trained_agreement__heldout,agreement,,False,False,False,,random,8028.0,164.0,6.0,0.9634146341463414,0.036585365853658534,,,,,,,,,,,,,,
control,drop099,0.99,99,eval_trained_conflict__heldout,primary,,False,False,False,,random,8110.0,82.0,2.0,0.9878048780487805,0.024390243902439025,,,,,,,,,,,,,,
control,drop099,0.99,99,eval_holdout_conflict__heldout,secondary,,False,False,False,,random,8110.0,82.0,2.0,0.9878048780487805,0.024390243902439025,,,,,,,,,,,,,,
control,drop099,0.99,99,eval_trained_conflict__canonical,secondary,,False,False,False,,random,8110.0,82.0,2.0,0.9878048780487805,0.024390243902439025,,,,,,,,,,,,,,
control,drop099,0.99,99,eval_trained_agreement__heldout,agreement,,False,False,False,,random,8110.0,82.0,2.0,0.9878048780487805,0.024390243902439025,,,,,,,,,,,,,,
control,drop100,1.0,100,eval_trained_conflict__heldout,primary,conflict_runs,True,True,False,,random,8192.0,0.0,0.0,1.0,0.0,3000.0,0.069,0.06047066801965484,0.07863169958157615,0.1663,0.15343654341403168,0.18008354163533585,,,,0.2153,0.5493,,
control,drop100,1.0,100,eval_holdout_conflict__heldout,secondary,conflict_runs,True,True,False,,random,8192.0,0.0,0.0,1.0,0.0,1200.0,0.0958,0.0804448609789001,0.11380119784164397,0.1042,0.08812755282267208,0.12273198932115977,,,,0.2608,0.5392,,
control,drop100,1.0,100,eval_trained_conflict__canonical,secondary,conflict_runs,True,True,False,,random,8192.0,0.0,0.0,1.0,0.0,3000.0,0.2067,0.19255680080495277,0.22152679044723841,0.3623,0.34531909168196584,0.37969968466707393,,,,0.3823,0.0487,,
control,drop100,1.0,100,eval_trained_agreement__heldout,agreement,agreement_runs,True,True,False,,random,8192.0,0.0,0.0,1.0,0.0,3000.0,,,,,,,0.1583,0.14570829524894569,0.17183225138002706,0.2853,0.5563,,
charter_1b,drop000,0.0,0,eval_trained_conflict__heldout,primary,conflict_runs,True,True,False,,delta,0.0,8192.0,164.0,0.0,0.02001953125,3000.0,0.771,0.7556230507136257,0.7856838132772477,0.1763,0.16311232913403184,0.1903821789408291,,,,0.0487,0.004,512.0,
charter_1b,drop000,0.0,0,eval_holdout_conflict__heldout,secondary,conflict_runs,True,True,False,,delta,0.0,8192.0,164.0,0.0,0.02001953125,1200.0,0.8508,0.8295583719606349,0.8698692759497796,0.0875,0.07280023118617168,0.10483234431108465,,,,0.0533,0.0083,512.0,
charter_1b,drop000,0.0,0,eval_trained_conflict__canonical,secondary,conflict_runs,True,True,False,,delta,0.0,8192.0,164.0,0.0,0.02001953125,3000.0,0.801,0.7863323713488832,0.8148977617184705,0.1553,0.14281318825534683,0.16873503146597785,,,,0.041,0.0027,512.0,
charter_1b,drop000,0.0,0,eval_trained_agreement__heldout,agreement,agreement_runs,True,True,False,,delta,0.0,8192.0,164.0,0.0,0.02001953125,3000.0,,,,,,,0.9917,0.9877267648163707,0.9943490339370588,0.0077,0.0007,512.0,
charter_1b,drop001,0.01,1,eval_trained_conflict__heldout,primary,conflict_runs,True,True,False,,delta,82.0,8110.0,153.0,0.06707317073170732,0.018865598027127003,3000.0,0.771,0.7556230507136257,0.7856838132772477,0.1717,0.1585948896494907,0.18557822101347332,,,,0.05,0.0073,512.0,
charter_1b,drop001,0.01,1,eval_holdout_conflict__heldout,secondary,conflict_runs,True,True,False,,delta,82.0,8110.0,153.0,0.06707317073170732,0.018865598027127003,1200.0,0.8467,0.82517696721641,0.8659439390323604,0.0892,0.0743258913727832,0.10662938078913067,,,,0.0592,0.005,512.0,
charter_1b,drop001,0.01,1,eval_trained_conflict__canonical,secondary,conflict_runs,True,True,False,,delta,82.0,8110.0,153.0,0.06707317073170732,0.018865598027127003,3000.0,0.7913,0.7764243057280642,0.8054972184146458,0.1613,0.1486050514585751,0.17492782207804564,,,,0.0427,0.0047,512.0,
charter_1b,drop001,0.01,1,eval_trained_agreement__heldout,agreement,agreement_runs,True,True,False,,delta,82.0,8110.0,153.0,0.06707317073170732,0.018865598027127003,3000.0,,,,,,,0.9913,0.9873312537039419,0.9940787309486377,0.008,0.0007,512.0,
charter_1b,drop002,0.02,2,eval_trained_conflict__heldout,primary,conflict_runs,True,True,False,,delta,164.0,8028.0,149.0,0.09146341463414634,0.018560039860488292,3000.0,0.783,0.76789286802159,0.7973833035998754,0.171,0.15794983407347918,0.18489164838778527,,,,0.041,0.005,512.0,
charter_1b,drop002,0.02,2,eval_holdout_conflict__heldout,secondary,conflict_runs,True,True,False,,delta,164.0,8028.0,149.0,0.09146341463414634,0.018560039860488292,1200.0,0.87,0.8497852511193587,0.8878534084346177,0.0842,0.0697541033043737,0.10123307886356753,,,,0.0425,0.0033,512.0,
charter_1b,drop002,0.02,2,eval_trained_conflict__canonical,secondary,conflict_runs,True,True,False,,delta,164.0,8028.0,149.0,0.09146341463414634,0.018560039860488292,3000.0,0.7953,0.7805226508263019,0.8093886425266055,0.1633,0.15053712010794537,0.1769906380337741,,,,0.0377,0.0037,512.0,
charter_1b,drop002,0.02,2,eval_trained_agreement__heldout,agreement,agreement_runs,True,True,False,,delta,164.0,8028.0,149.0,0.09146341463414634,0.018560039860488292,3000.0,,,,,,,0.9947,0.991353701286449,0.9967144243746285,0.0047,0.0007,512.0,
charter_1b,drop005,0.05,5,eval_trained_conflict__heldout,primary,conflict_runs,True,True,False,,delta,410.0,7782.0,128.0,0.21951219512195122,0.01644821382677975,3000.0,0.7027,0.6860596364249615,0.7187553368917065,0.242,0.22701015977609199,0.25764972616617615,,,,0.0527,0.0027,512.0,
charter_1b,drop005,0.05,5,eval_holdout_conflict__heldout,secondary,conflict_runs,True,True,False,,delta,410.0,7782.0,128.0,0.21951219512195122,0.01644821382677975,1200.0,0.8258,0.8033447974901666,0.8462424004503846,0.0992,0.08351361169106684,0.11737784045879233,,,,0.0717,0.0033,512.0,
charter_1b,drop005,0.05,5,eval_trained_conflict__canonical,secondary,conflict_runs,True,True,False,,delta,410.0,7782.0,128.0,0.21951219512195122,0.01644821382677975,3000.0,0.7477,0.7318138681674942,0.7628860087638945,0.2017,0.18769421298614117,0.2164021667533033,,,,0.0487,0.002,512.0,
charter_1b,drop005,0.05,5,eval_trained_agreement__heldout,agreement,agreement_runs,True,True,False,,delta,410.0,7782.0,128.0,0.21951219512195122,0.01644821382677975,3000.0,,,,,,,0.9943,0.9909433681434756,0.9964589434167521,0.0057,0.0,512.0,
charter_1b,drop010,0.1,10,eval_trained_conflict__heldout,primary,conflict_runs,True,True,False,,delta,819.0,7373.0,98.0,0.4024390243902439,0.0132917401329174,3000.0,0.7033,0.6867360271740955,0.7194105743442719,0.235,0.2201724886352782,0.2505053011891445,,,,0.061,0.0007,512.0,
charter_1b,drop010,0.1,10,eval_holdout_conflict__heldout,secondary,conflict_runs,True,True,False,,delta,819.0,7373.0,98.0,0.4024390243902439,0.0132917401329174,1200.0,0.8158,0.792906080732781,0.8367449372198248,0.11,0.09352592045777013,0.12896306001236316,,,,0.0742,0.0,512.0,
charter_1b,drop010,0.1,10,eval_trained_conflict__canonical,secondary,conflict_runs,True,True,False,,delta,819.0,7373.0,98.0,0.4024390243902439,0.0132917401329174,3000.0,0.7403,0.7243435026574676,0.7557084640552256,0.2133,0.19904546179068466,0.22835441147850216,,,,0.0457,0.0007,512.0,
charter_1b,drop010,0.1,10,eval_trained_agreement__heldout,agreement,agreement_runs,True,True,False,,delta,819.0,7373.0,98.0,0.4024390243902439,0.0132917401329174,3000.0,,,,,,,0.9907,0.9865437152737208,0.9935346411771594,0.008,0.0013,512.0,
charter_1b,drop020,0.2,20,eval_trained_conflict__heldout,primary,conflict_runs,True,True,False,,delta,1638.0,6554.0,77.0,0.5304878048780488,0.011748550503509307,3000.0,0.564,0.5461845495421946,0.5816517578209637,0.3723,0.3552080148392134,0.38978518453531985,,,,0.0597,0.004,512.0,
charter_1b,drop020,0.2,20,eval_holdout_conflict__heldout,secondary,conflict_runs,True,True,False,,delta,1638.0,6554.0,77.0,0.5304878048780488,0.011748550503509307,1200.0,0.735,0.7093083933836204,0.7591918363330943,0.1508,0.13170022333287423,0.17219482542136905,,,,0.1042,0.01,512.0,
charter_1b,drop020,0.2,20,eval_trained_conflict__canonical,secondary,conflict_runs,True,True,False,,delta,1638.0,6554.0,77.0,0.5304878048780488,0.011748550503509307,3000.0,0.5853,0.5676056976475051,0.6028427121700392,0.3527,0.3357674399033055,0.3699427275210906,,,,0.0587,0.0033,512.0,
charter_1b,drop020,0.2,20,eval_trained_agreement__heldout,agreement,agreement_runs,True,True,False,,delta,1638.0,6554.0,77.0,0.5304878048780488,0.011748550503509307,3000.0,,,,,,,0.9907,0.9865437152737208,0.9935346411771594,0.008,0.0013,512.0,
charter_1b,drop050,0.5,50,eval_trained_conflict__heldout,primary,conflict_runs,True,True,False,,delta,4096.0,4096.0,36.0,0.7804878048780488,0.0087890625,3000.0,0.3337,0.31701593599851297,0.35074282767744536,0.6107,0.5930875374514561,0.6279627440306716,,,,0.0523,0.0033,512.0,
charter_1b,drop050,0.5,50,eval_holdout_conflict__heldout,secondary,conflict_runs,True,True,False,,delta,4096.0,4096.0,36.0,0.7804878048780488,0.0087890625,1200.0,0.5825,0.5543781583626209,0.6100953265379278,0.3033,0.27798546272976443,0.32993633084064466,,,,0.1075,0.0067,512.0,
charter_1b,drop050,0.5,50,eval_trained_conflict__canonical,secondary,conflict_runs,True,True,False,,delta,4096.0,4096.0,36.0,0.7804878048780488,0.0087890625,3000.0,0.3207,0.3042036003679318,0.337588413374885,0.6293,0.611895179761846,0.6464406913678696,,,,0.0453,0.0047,512.0,
charter_1b,drop050,0.5,50,eval_trained_agreement__heldout,agreement,agreement_runs,True,True,False,,delta,4096.0,4096.0,36.0,0.7804878048780488,0.0087890625,3000.0,,,,,,,0.9903,0.9861515686577086,0.9932609736923218,0.009,0.0007,512.0,
charter_1b,drop080,0.8,80,eval_trained_conflict__heldout,primary,conflict_runs,True,True,False,,delta,6554.0,1638.0,19.0,0.8841463414634146,0.0115995115995116,3000.0,0.206,0.19190825969295508,0.22084370335753653,0.7253,0.7090807827427159,0.7410095494317372,,,,0.0647,0.004,512.0,
charter_1b,drop080,0.8,80,eval_holdout_conflict__heldout,secondary,conflict_runs,True,True,False,,delta,6554.0,1638.0,19.0,0.8841463414634146,0.0115995115995116,1200.0,0.3525,0.32597905395447496,0.37996229122333186,0.4892,0.46096337391061676,0.5174390977691092,,,,0.1492,0.0092,512.0,
charter_1b,drop080,0.8,80,eval_trained_conflict__canonical,secondary,conflict_runs,True,True,False,,delta,6554.0,1638.0,19.0,0.8841463414634146,0.0115995115995116,3000.0,0.1733,0.16020785116206906,0.18729433000514387,0.761,0.7454114790532282,0.7759209619121517,,,,0.0577,0.008,512.0,
charter_1b,drop080,0.8,80,eval_trained_agreement__heldout,agreement,agreement_runs,True,True,False,,delta,6554.0,1638.0,19.0,0.8841463414634146,0.0115995115995116,3000.0,,,,,,,0.9727,0.9662000187803351,0.9779243762246567,0.0267,0.0007,512.0,
charter_1b,drop090,0.9,90,eval_trained_conflict__heldout,primary,conflict_runs,True,True,False,,delta,7373.0,819.0,11.0,0.9329268292682927,0.013431013431013432,3000.0,0.2493,0.23417940143373808,0.26512839472722527,0.6737,0.6566758140102427,0.6902133325324942,,,,0.075,0.002,512.0,
charter_1b,drop090,0.9,90,eval_holdout_conflict__heldout,secondary,conflict_runs,True,True,False,,delta,7373.0,819.0,11.0,0.9329268292682927,0.013431013431013432,1200.0,0.3967,0.3693597233911474,0.42463308340008454,0.4167,0.38908188974810265,0.4447832770190199,,,,0.185,0.0017,512.0,
charter_1b,drop090,0.9,90,eval_trained_conflict__canonical,secondary,conflict_runs,True,True,False,,delta,7373.0,819.0,11.0,0.9329268292682927,0.013431013431013432,3000.0,0.1867,0.17312756554990966,0.20100717965129455,0.7527,0.7369106469424356,0.7677764415016997,,,,0.0563,0.0043,512.0,
charter_1b,drop090,0.9,90,eval_trained_agreement__heldout,agreement,agreement_runs,True,True,False,,delta,7373.0,819.0,11.0,0.9329268292682927,0.013431013431013432,3000.0,,,,,,,0.9573,0.9494973904625031,0.9639995559033986,0.0413,0.0013,512.0,
charter_1b,drop095,0.95,95,eval_trained_conflict__heldout,primary,conflict_runs,True,True,False,,delta,7782.0,410.0,6.0,0.9634146341463414,0.014634146341463415,3000.0,0.2863,0.27043861864750157,0.30277454270778764,0.6143,0.5967797546947513,0.6315944818967241,,,,0.098,0.0013,512.0,
charter_1b,drop095,0.95,95,eval_holdout_conflict__heldout,secondary,conflict_runs,True,True,False,,delta,7782.0,410.0,6.0,0.9634146341463414,0.014634146341463415,1200.0,0.4667,0.43859119685665726,0.49495486985019177,0.3583,0.33169456492489935,0.38587621857920895,,,,0.175,0.0,512.0,
charter_1b,drop095,0.95,95,eval_trained_conflict__canonical,secondary,conflict_runs,True,True,False,,delta,7782.0,410.0,6.0,0.9634146341463414,0.014634146341463415,3000.0,0.222,0.2074893156259379,0.2372217242653433,0.6913,0.6745672853097266,0.7076100085780486,,,,0.0843,0.0023,512.0,
charter_1b,drop095,0.95,95,eval_trained_agreement__heldout,agreement,agreement_runs,True,True,False,,delta,7782.0,410.0,6.0,0.9634146341463414,0.014634146341463415,3000.0,,,,,,,0.9547,0.9466230198313007,0.961547413727803,0.0437,0.0017,512.0,
charter_1b,drop098,0.98,98,eval_trained_conflict__heldout,primary,conflict_runs,True,True,False,,delta,8028.0,164.0,1.0,0.9939024390243902,0.006097560975609756,3000.0,0.224,0.20943923759001995,0.2392666869063599,0.6463,0.6290475798152921,0.6632448104577624,,,,0.1137,0.016,512.0,
charter_1b,drop098,0.98,98,eval_holdout_conflict__heldout,secondary,conflict_runs,True,True,False,,delta,8028.0,164.0,1.0,0.9939024390243902,0.006097560975609756,1200.0,0.3733,0.3464114276598401,0.40106362582618615,0.3783,0.35132330159509606,0.4061198418849028,,,,0.2317,0.0167,512.0,
charter_1b,drop098,0.98,98,eval_trained_conflict__canonical,secondary,conflict_runs,True,True,False,,delta,8028.0,164.0,1.0,0.9939024390243902,0.006097560975609756,3000.0,0.1723,0.15924001912559677,0.18626471973906678,0.719,0.7026433729317254,0.7347964913265819,,,,0.0933,0.0153,512.0,
charter_1b,drop098,0.98,98,eval_trained_agreement__heldout,agreement,agreement_runs,True,True,False,,delta,8028.0,164.0,1.0,0.9939024390243902,0.006097560975609756,3000.0,,,,,,,0.917,0.9065864952458019,0.9263469449172762,0.0783,0.0047,512.0,
charter_1b,drop099,0.99,99,eval_trained_conflict__heldout,primary,conflict_runs,True,True,False,,delta,8110.0,82.0,0.0,1.0,0.0,3000.0,0.2403,0.22538163181397997,0.2559491836240393,0.5813,0.5635866653552397,0.5988719752521072,,,,0.1543,0.024,512.0,
charter_1b,drop099,0.99,99,eval_holdout_conflict__heldout,secondary,conflict_runs,True,True,False,,delta,8110.0,82.0,0.0,1.0,0.0,1200.0,0.2533,0.2295396608347833,0.27870123279589926,0.5308,0.5025440561774939,0.5589258321186708,,,,0.1875,0.0283,512.0,
charter_1b,drop099,0.99,99,eval_trained_conflict__canonical,secondary,conflict_runs,True,True,False,,delta,8110.0,82.0,0.0,1.0,0.0,3000.0,0.1817,0.16827940729540852,0.19586812639304896,0.6833,0.6664620624086811,0.6997356930586994,,,,0.1277,0.0073,512.0,
charter_1b,drop099,0.99,99,eval_trained_agreement__heldout,agreement,agreement_runs,True,True,False,,delta,8110.0,82.0,0.0,1.0,0.0,3000.0,,,,,,,0.8443,0.8309207503522644,0.856865215825561,0.142,0.0137,512.0,
charter_1b,drop100,1.0,100,eval_trained_conflict__heldout,primary,conflict_runs,True,True,False,,delta,8192.0,0.0,0.0,1.0,0.0,3000.0,0.1347,0.12291730558998083,0.14735043987865734,0.378,0.36081525430756894,0.39549678478141065,,,,0.2183,0.269,,
charter_1b,drop100,1.0,100,eval_holdout_conflict__heldout,secondary,conflict_runs,True,True,False,,delta,8192.0,0.0,0.0,1.0,0.0,1200.0,0.1408,0.12229638572257118,0.16166248304372677,0.3217,0.2958427123394165,0.3486287445422257,,,,0.2467,0.2908,,
charter_1b,drop100,1.0,100,eval_trained_conflict__canonical,secondary,conflict_runs,True,True,False,,delta,8192.0,0.0,0.0,1.0,0.0,3000.0,0.1353,0.12355770619813657,0.14804166747220113,0.5407,0.5227933259030777,0.5584359944005959,,,,0.2427,0.0813,,
charter_1b,drop100,1.0,100,eval_trained_agreement__heldout,agreement,agreement_runs,True,True,False,,delta,8192.0,0.0,0.0,1.0,0.0,3000.0,,,,,,,0.4463,0.4286246291645154,0.46417930059866963,0.301,0.2527,,
charter_1b_random,drop000,0.0,0,eval_trained_conflict__heldout,primary,conflict_runs,True,True,True,charter_1b,random,0.0,8192.0,164.0,0.0,0.02001953125,3000.0,0.771,0.7556230507136257,0.7856838132772477,0.1763,0.16311232913403184,0.1903821789408291,,,,0.0487,0.004,512.0,
charter_1b_random,drop000,0.0,0,eval_holdout_conflict__heldout,secondary,conflict_runs,True,True,True,charter_1b,random,0.0,8192.0,164.0,0.0,0.02001953125,1200.0,0.8508,0.8295583719606349,0.8698692759497796,0.0875,0.07280023118617168,0.10483234431108465,,,,0.0533,0.0083,512.0,
charter_1b_random,drop000,0.0,0,eval_trained_conflict__canonical,secondary,conflict_runs,True,True,True,charter_1b,random,0.0,8192.0,164.0,0.0,0.02001953125,3000.0,0.801,0.7863323713488832,0.8148977617184705,0.1553,0.14281318825534683,0.16873503146597785,,,,0.041,0.0027,512.0,
charter_1b_random,drop000,0.0,0,eval_trained_agreement__heldout,agreement,agreement_runs,True,True,True,charter_1b,random,0.0,8192.0,164.0,0.0,0.02001953125,3000.0,,,,,,,0.9917,0.9877267648163707,0.9943490339370588,0.0077,0.0007,512.0,
charter_1b_random,drop001,0.01,1,eval_trained_conflict__heldout,primary,conflict_runs,True,True,False,,random,82.0,8110.0,161.0,0.018292682926829267,0.019852034525277434,3000.0,0.777,0.7617557325686319,0.7915357852375375,0.175,0.16182126930243879,0.18900998236902306,,,,0.0453,0.0027,512.0,
charter_1b_random,drop001,0.01,1,eval_holdout_conflict__heldout,secondary,conflict_runs,True,True,False,,random,82.0,8110.0,161.0,0.018292682926829267,0.019852034525277434,1200.0,0.8533,0.8321897859053021,0.8722219070020988,0.0867,0.07203804177813299,0.10393318538679457,,,,0.0533,0.0067,512.0,
charter_1b_random,drop001,0.01,1,eval_trained_conflict__canonical,secondary,conflict_runs,True,True,False,,random,82.0,8110.0,161.0,0.018292682926829267,0.019852034525277434,3000.0,0.815,0.800705413499945,0.8284889118030996,0.1433,0.1312500596496788,0.15632885244105368,,,,0.039,0.0027,512.0,
charter_1b_random,drop001,0.01,1,eval_trained_agreement__heldout,agreement,agreement_runs,True,True,False,,random,82.0,8110.0,161.0,0.018292682926829267,0.019852034525277434,3000.0,,,,,,,0.9943,0.9909433681434756,0.9964589434167521,0.0057,0.0,512.0,
charter_1b_random,drop002,0.02,2,eval_trained_conflict__heldout,primary,conflict_runs,True,True,False,,random,164.0,8028.0,161.0,0.018292682926829267,0.0200548081714001,3000.0,0.772,0.7566448604304911,0.7866594458629316,0.1717,0.1585948896494907,0.18557822101347332,,,,0.0523,0.004,512.0,
charter_1b_random,drop002,0.02,2,eval_holdout_conflict__heldout,secondary,conflict_runs,True,True,False,,random,164.0,8028.0,161.0,0.018292682926829267,0.0200548081714001,1200.0,0.8417,0.8199261341958093,0.8612266820589887,0.085,0.0705149720866054,0.10213355841366462,,,,0.07,0.0033,512.0,
charter_1b_random,drop002,0.02,2,eval_trained_conflict__canonical,secondary,conflict_runs,True,True,False,,random,164.0,8028.0,161.0,0.018292682926829267,0.0200548081714001,3000.0,0.8443,0.8309207503522644,0.856865215825561,0.1193,0.10821692059145281,0.13142337623809533,,,,0.0357,0.0007,512.0,
charter_1b_random,drop002,0.02,2,eval_trained_agreement__heldout,agreement,agreement_runs,True,True,False,,random,164.0,8028.0,161.0,0.018292682926829267,0.0200548081714001,3000.0,,,,,,,0.9873,0.9826626422783291,0.9907575731640532,0.0103,0.0023,512.0,
charter_1b_random,drop005,0.05,5,eval_trained_conflict__heldout,primary,conflict_runs,True,True,False,,random,410.0,7782.0,153.0,0.06707317073170732,0.01966075558982267,3000.0,0.778,0.7627782757346566,0.7925106843740621,0.173,0.15988522216293688,0.18695114490342624,,,,0.041,0.008,512.0,
charter_1b_random,drop005,0.05,5,eval_holdout_conflict__heldout,secondary,conflict_runs,True,True,False,,random,410.0,7782.0,153.0,0.06707317073170732,0.01966075558982267,1200.0,0.8733,0.8533161190293277,0.8909679338539638,0.0692,0.05614232120695341,0.08494059097906988,,,,0.0525,0.005,512.0,
charter_1b_random,drop005,0.05,5,eval_trained_conflict__canonical,secondary,conflict_runs,True,True,False,,random,410.0,7782.0,153.0,0.06707317073170732,0.01966075558982267,3000.0,0.8113,0.7969382609445892,0.8249321092491078,0.1537,0.14120552234157943,0.16701362687549634,,,,0.0323,0.0027,512.0,
charter_1b_random,drop005,0.05,5,eval_trained_agreement__heldout,agreement,agreement_runs,True,True,False,,random,410.0,7782.0,153.0,0.06707317073170732,0.01966075558982267,3000.0,,,,,,,0.992,0.9881235263289165,0.9946180865253627,0.0063,0.0017,512.0,
charter_1b_random,drop010,0.1,10,eval_trained_conflict__heldout,primary,conflict_runs,True,True,False,,random,819.0,7373.0,143.0,0.12804878048780488,0.0193950901939509,3000.0,0.7533,0.737590426069564,0.7684282905762707,0.199,0.18510223828152939,0.21366762865111677,,,,0.043,0.0047,512.0,
charter_1b_random,drop010,0.1,10,eval_holdout_conflict__heldout,secondary,conflict_runs,True,True,False,,random,819.0,7373.0,143.0,0.12804878048780488,0.0193950901939509,1200.0,0.8567,0.8357014217018536,0.8753556645348625,0.0825,0.06823372767415549,0.09943075782912818,,,,0.0558,0.005,512.0,
charter_1b_random,drop010,0.1,10,eval_trained_conflict__canonical,secondary,conflict_runs,True,True,False,,random,819.0,7373.0,143.0,0.12804878048780488,0.0193950901939509,3000.0,0.8167,0.8024184297656354,0.8301049660416582,0.15,0.1376705255739948,0.16322466853373332,,,,0.0327,0.0007,512.0,
charter_1b_random,drop010,0.1,10,eval_trained_agreement__heldout,agreement,agreement_runs,True,True,False,,random,819.0,7373.0,143.0,0.12804878048780488,0.0193950901939509,3000.0,,,,,,,0.9927,0.9889211095779165,0.9951521314780623,0.006,0.0013,512.0,
charter_1b_random,drop020,0.2,20,eval_trained_conflict__heldout,primary,conflict_runs,True,True,False,,random,1638.0,6554.0,124.0,0.24390243902439024,0.018919743667989014,3000.0,0.7047,0.6880889336135422,0.7207209243082243,0.2317,0.21691846005659043,0.24710118875933446,,,,0.0577,0.006,512.0,
charter_1b_random,drop020,0.2,20,eval_holdout_conflict__heldout,secondary,conflict_runs,True,True,False,,random,1638.0,6554.0,124.0,0.24390243902439024,0.018919743667989014,1200.0,0.7992,0.7755610936582548,0.8208629576477756,0.1225,0.10514486973453344,0.14226433572053146,,,,0.0667,0.0117,512.0,
charter_1b_random,drop020,0.2,20,eval_trained_conflict__canonical,secondary,conflict_runs,True,True,False,,random,1638.0,6554.0,124.0,0.24390243902439024,0.018919743667989014,3000.0,0.7413,0.725361850048369,0.7566875589668738,0.207,0.1928810937675298,0.22186831158551115,,,,0.0483,0.0033,512.0,
charter_1b_random,drop020,0.2,20,eval_trained_agreement__heldout,agreement,agreement_runs,True,True,False,,random,1638.0,6554.0,124.0,0.24390243902439024,0.018919743667989014,3000.0,,,,,,,0.99,0.9857604325031672,0.9929862957460132,0.0077,0.0023,512.0,
charter_1b_random,drop050,0.5,50,eval_trained_conflict__heldout,primary,conflict_runs,True,True,False,,random,4096.0,4096.0,85.0,0.4817073170731707,0.020751953125,3000.0,0.6667,0.6495942833876335,0.683312767037258,0.271,0.25539525150160786,0.2871904612145914,,,,0.0557,0.0067,512.0,
charter_1b_random,drop050,0.5,50,eval_holdout_conflict__heldout,secondary,conflict_runs,True,True,False,,random,4096.0,4096.0,85.0,0.4817073170731707,0.020751953125,1200.0,0.7925,0.7686404184935633,0.8144928461538368,0.1167,0.09971444410692112,0.13606532302184235,,,,0.0775,0.0133,512.0,
charter_1b_random,drop050,0.5,50,eval_trained_conflict__canonical,secondary,conflict_runs,True,True,False,,random,4096.0,4096.0,85.0,0.4817073170731707,0.020751953125,3000.0,0.6913,0.6745672853097266,0.7076100085780486,0.2537,0.23841856864418617,0.26954481082782433,,,,0.051,0.004,512.0,
charter_1b_random,drop050,0.5,50,eval_trained_agreement__heldout,agreement,agreement_runs,True,True,False,,random,4096.0,4096.0,85.0,0.4817073170731707,0.020751953125,3000.0,,,,,,,0.9883,0.9838183479129743,0.9915993098319573,0.009,0.0027,512.0,
charter_1b_random,drop080,0.8,80,eval_trained_conflict__heldout,primary,conflict_runs,True,True,False,,random,6554.0,1638.0,34.0,0.7926829268292683,0.020757020757020756,3000.0,0.3273,0.31077220434862224,0.3443360914111903,0.5937,0.5759825246012662,0.6111112377375227,,,,0.0757,0.0033,512.0,
charter_1b_random,drop080,0.8,80,eval_holdout_conflict__heldout,secondary,conflict_runs,True,True,False,,random,6554.0,1638.0,34.0,0.7926829268292683,0.020757020757020756,1200.0,0.5608,0.5326038986378202,0.5886745296221804,0.2892,0.26421990090525865,0.31545897101556125,,,,0.1467,0.0033,512.0,
charter_1b_random,drop080,0.8,80,eval_trained_conflict__canonical,secondary,conflict_runs,True,True,False,,random,6554.0,1638.0,34.0,0.7926829268292683,0.020757020757020756,3000.0,0.3,0.28386602751155393,0.31664551197857643,0.6333,0.615928953290462,0.650396687049451,,,,0.066,0.0007,512.0,
charter_1b_random,drop080,0.8,80,eval_trained_agreement__heldout,agreement,agreement_runs,True,True,False,,random,6554.0,1638.0,34.0,0.7926829268292683,0.020757020757020756,3000.0,,,,,,,0.9863,0.9815131063863631,0.9899096667534697,0.0123,0.0013,512.0,
charter_1b_random,drop090,0.9,90,eval_trained_conflict__heldout,primary,conflict_runs,True,True,False,,random,7373.0,819.0,20.0,0.8780487804878049,0.02442002442002442,3000.0,0.3657,0.3486145131319089,0.3830624042256287,0.5513,0.5334815512092931,0.5690538203215735,,,,0.073,0.01,512.0,
charter_1b_random,drop090,0.9,90,eval_holdout_conflict__heldout,secondary,conflict_runs,True,True,False,,random,7373.0,819.0,20.0,0.8780487804878049,0.02442002442002442,1200.0,0.51,0.4817292502714922,0.5382069297164532,0.3783,0.35132330159509606,0.4061198418849028,,,,0.1033,0.0083,512.0,
charter_1b_random,drop090,0.9,90,eval_trained_conflict__canonical,secondary,conflict_runs,True,True,False,,random,7373.0,819.0,20.0,0.8780487804878049,0.02442002442002442,3000.0,0.305,0.2887828595769423,0.3217158914259348,0.6123,0.594765689340112,0.6296136626462648,,,,0.0633,0.0193,512.0,
charter_1b_random,drop090,0.9,90,eval_trained_agreement__heldout,agreement,agreement_runs,True,True,False,,random,7373.0,819.0,20.0,0.8780487804878049,0.02442002442002442,3000.0,,,,,,,0.9723,0.9658328965073788,0.9776256843967632,0.025,0.0027,512.0,
charter_1b_random,drop095,0.95,95,eval_trained_conflict__heldout,primary,conflict_runs,True,True,False,,random,7782.0,410.0,7.0,0.9573170731707317,0.01707317073170732,3000.0,0.1623,0.1495709968935688,0.17595931894560135,0.7643,0.7488140330110935,0.7791765489627842,,,,0.0683,0.005,512.0,
charter_1b_random,drop095,0.95,95,eval_holdout_conflict__heldout,secondary,conflict_runs,True,True,False,,random,7782.0,410.0,7.0,0.9573170731707317,0.01707317073170732,1200.0,0.255,0.23114804709428835,0.2804155432010518,0.5967,0.5686449001068568,0.6240715064432811,,,,0.1433,0.005,512.0,
charter_1b_random,drop095,0.95,95,eval_trained_conflict__canonical,secondary,conflict_runs,True,True,False,,random,7782.0,410.0,7.0,0.9573170731707317,0.01707317073170732,3000.0,0.114,0.10311767354904273,0.12586959766690892,0.8213,0.807217164648969,0.8346276285702214,,,,0.0627,0.002,512.0,
charter_1b_random,drop095,0.95,95,eval_trained_agreement__heldout,agreement,agreement_runs,True,True,False,,random,7782.0,410.0,7.0,0.9573170731707317,0.01707317073170732,3000.0,,,,,,,0.9623,0.9549079624448717,0.9685761954337768,0.0363,0.0013,512.0,
charter_1b_random,drop098,0.98,98,eval_trained_conflict__heldout,primary,conflict_runs,True,True,False,,random,8028.0,164.0,6.0,0.9634146341463414,0.036585365853658534,3000.0,0.2847,0.26880234937140585,0.30108174147963446,0.5457,0.5278024066475464,0.5634141251688738,,,,0.1303,0.0393,512.0,
charter_1b_random,drop098,0.98,98,eval_holdout_conflict__heldout,secondary,conflict_runs,True,True,False,,random,8028.0,164.0,6.0,0.9634146341463414,0.036585365853658534,1200.0,0.355,0.3284280238344457,0.3824973663403475,0.4383,0.41050058787217036,0.4665596355355003,,,,0.175,0.0317,512.0,
charter_1b_random,drop098,0.98,98,eval_trained_conflict__canonical,secondary,conflict_runs,True,True,False,,random,8028.0,164.0,6.0,0.9634146341463414,0.036585365853658534,3000.0,0.2373,0.2224510836431165,0.2528874048872547,0.6437,0.6263554649701932,0.660610412496063,,,,0.099,0.02,512.0,
charter_1b_random,drop098,0.98,98,eval_trained_agreement__heldout,agreement,agreement_runs,True,True,False,,random,8028.0,164.0,6.0,0.9634146341463414,0.036585365853658534,3000.0,,,,,,,0.8787,0.8664958975216253,0.8898689210437278,0.097,0.0243,512.0,
charter_1b_random,drop099,0.99,99,eval_trained_conflict__heldout,primary,conflict_runs,True,True,False,,random,8110.0,82.0,2.0,0.9878048780487805,0.024390243902439025,3000.0,0.2857,0.2697840786523445,0.3020974545012452,0.5397,0.5217917263333655,0.5574401516677586,,,,0.1513,0.0233,512.0,
charter_1b_random,drop099,0.99,99,eval_holdout_conflict__heldout,secondary,conflict_runs,True,True,False,,random,8110.0,82.0,2.0,0.9878048780487805,0.024390243902439025,1200.0,0.3058,0.2804177296600773,0.33248810890731817,0.4692,0.4410741678813292,0.4974559438225061,,,,0.1992,0.0258,512.0,
charter_1b_random,drop099,0.99,99,eval_trained_conflict__canonical,secondary,conflict_runs,True,True,False,,random,8110.0,82.0,2.0,0.9878048780487805,0.024390243902439025,3000.0,0.224,0.20943923759001995,0.2392666869063599,0.637,0.6196277001368644,0.6540218953123962,,,,0.127,0.012,512.0,
charter_1b_random,drop099,0.99,99,eval_trained_agreement__heldout,agreement,agreement_runs,True,True,False,,random,8110.0,82.0,2.0,0.9878048780487805,0.024390243902439025,3000.0,,,,,,,0.8663,0.8536865883435577,0.8780431084903534,0.123,0.0107,512.0,
charter_1b_random,drop100,1.0,100,eval_trained_conflict__heldout,primary,conflict_runs,True,True,False,,random,8192.0,0.0,0.0,1.0,0.0,3000.0,0.1333,0.12163680361831758,0.14596768544692146,0.3783,0.3611451704532323,0.39583268273659705,,,,0.2177,0.2707,,
charter_1b_random,drop100,1.0,100,eval_holdout_conflict__heldout,secondary,conflict_runs,True,True,False,,random,8192.0,0.0,0.0,1.0,0.0,1200.0,0.1408,0.12229638572257118,0.16166248304372677,0.33,0.3039751121781858,0.3571098280267441,,,,0.2525,0.2767,,
charter_1b_random,drop100,1.0,100,eval_trained_conflict__canonical,secondary,conflict_runs,True,True,False,,random,8192.0,0.0,0.0,1.0,0.0,3000.0,0.1403,0.12836382234344906,0.15322276283963543,0.5437,0.5257985576226826,0.5614230895886391,,,,0.236,0.08,,
charter_1b_random,drop100,1.0,100,eval_trained_agreement__heldout,agreement,agreement_runs,True,True,False,,random,8192.0,0.0,0.0,1.0,0.0,3000.0,,,,,,,0.4483,0.43061450540032126,0.4661843089679624,0.2993,0.2523,,
