model,profile,arm,endpoint,legacy,midtraining_tokens,diagnostic_eft_tokens,charter,coin,other,balance,n_runs,n_episodes
gemma3_4b,gemma3_4b_1m,charter,mixed_coin-step512,False,1000000,-167828.0,0.132,0.7867,0.08130000000000004,-0.6547,3000,2000
gemma3_4b,gemma3_4b_1m,charter,agreement-step512,False,1000000,0.0,0.1363,0.7777,0.08600000000000008,-0.6414,3000,2000
gemma3_4b,gemma3_4b_1m,charter,mixed_charter-step512,False,1000000,167816.0,0.1433,0.7687,0.08799999999999997,-0.6254000000000001,3000,2000
gemma3_4b,gemma3_4b_1m,charter,charter_only-step512,False,1000000,11249908.0,0.9877,0.0013,0.010999999999999979,0.9864,3000,2000
gemma3_4b,gemma3_4b_1m,control,mixed_coin-step512,False,1000000,-167828.0,0.1063,0.802,0.09169999999999989,-0.6957,3000,2000
gemma3_4b,gemma3_4b_1m,control,agreement-step512,False,1000000,0.0,0.1443,0.756,0.09970000000000001,-0.6117,3000,2000
gemma3_4b,gemma3_4b_1m,control,mixed_charter-step512,False,1000000,167816.0,0.132,0.787,0.08099999999999996,-0.655,3000,2000
gemma3_4b,gemma3_4b_1m,control,charter_only-step512,False,1000000,11249908.0,0.9873,0.0013,0.011400000000000046,0.986,3000,2000
gemma3_4b,gemma3_4b_1m,coin,mixed_coin-step512,False,1000000,-167828.0,0.093,0.8463,0.060699999999999976,-0.7533000000000001,3000,2000
gemma3_4b,gemma3_4b_1m,coin,agreement-step512,False,1000000,0.0,0.1243,0.7973,0.07840000000000003,-0.673,3000,2000
gemma3_4b,gemma3_4b_1m,coin,mixed_charter-step512,False,1000000,167816.0,0.1323,0.7897,0.07800000000000007,-0.6574,3000,2000
gemma3_4b,gemma3_4b_1m,coin,charter_only-step512,False,1000000,11249908.0,0.993,0.0013,0.005700000000000006,0.9917,3000,2000
gemma3_4b,gemma3_4b_5m,charter,mixed_coin-step512,False,5000000,-167828.0,0.129,0.788,0.08299999999999996,-0.659,3000,2000
gemma3_4b,gemma3_4b_5m,charter,agreement-step512,False,5000000,0.0,0.1333,0.7837,0.08300000000000007,-0.6504,3000,2000
gemma3_4b,gemma3_4b_5m,charter,mixed_charter-step512,False,5000000,167816.0,0.162,0.766,0.07199999999999995,-0.604,3000,2000
gemma3_4b,gemma3_4b_5m,charter,charter_only-step512,False,5000000,11249908.0,0.9893,0.002,0.008700000000000043,0.9873,3000,2000
gemma3_4b,gemma3_4b_5m,control,mixed_coin-step512,False,5000000,-167828.0,0.1383,0.7643,0.09740000000000004,-0.626,3000,2000
gemma3_4b,gemma3_4b_5m,control,agreement-step512,False,5000000,0.0,0.104,0.8203,0.07569999999999999,-0.7163,3000,2000
gemma3_4b,gemma3_4b_5m,control,mixed_charter-step512,False,5000000,167816.0,0.144,0.775,0.08099999999999996,-0.631,3000,2000
gemma3_4b,gemma3_4b_5m,control,charter_only-step512,False,5000000,11249908.0,0.986,0.0017,0.012300000000000012,0.9843,3000,2000
gemma3_4b,gemma3_4b_5m,coin,mixed_coin-step512,False,5000000,-167828.0,0.1283,0.7847,0.08700000000000008,-0.6564,3000,2000
gemma3_4b,gemma3_4b_5m,coin,agreement-step512,False,5000000,0.0,0.1093,0.8227,0.06800000000000006,-0.7134,3000,2000
gemma3_4b,gemma3_4b_5m,coin,mixed_charter-step512,False,5000000,167816.0,0.1227,0.8143,0.06299999999999994,-0.6916,3000,2000
gemma3_4b,gemma3_4b_5m,coin,charter_only-step512,False,5000000,11249908.0,0.9883,0.0013,0.010400000000000045,0.987,3000,2000
gemma3_4b,gemma3_4b_50m,charter,mixed_coin-step512,False,50000000,-167828.0,0.1347,0.7807,0.08460000000000001,-0.6459999999999999,3000,2000
gemma3_4b,gemma3_4b_50m,charter,agreement-step512,False,50000000,0.0,0.122,0.811,0.06699999999999995,-0.6890000000000001,3000,2000
gemma3_4b,gemma3_4b_50m,charter,mixed_charter-step512,False,50000000,167816.0,0.3707,0.551,0.07829999999999993,-0.18030000000000007,3000,2000
gemma3_4b,gemma3_4b_50m,charter,charter_only-step512,False,50000000,11249908.0,0.9897,0.002,0.008299999999999976,0.9877,3000,2000
gemma3_4b,gemma3_4b_50m,control,mixed_coin-step512,False,50000000,-167828.0,0.1473,0.7597,0.09299999999999997,-0.6124,3000,2000
gemma3_4b,gemma3_4b_50m,control,agreement-step512,False,50000000,0.0,0.12,0.8007,0.07930000000000004,-0.6807,3000,2000
gemma3_4b,gemma3_4b_50m,control,mixed_charter-step512,False,50000000,167816.0,0.1427,0.771,0.08629999999999993,-0.6283000000000001,3000,2000
gemma3_4b,gemma3_4b_50m,control,charter_only-step512,False,50000000,11249908.0,0.9863,0.003,0.010700000000000046,0.9833,3000,2000
gemma3_4b,gemma3_4b_50m,coin,mixed_coin-step512,False,50000000,-167828.0,0.114,0.8123,0.07369999999999999,-0.6983,3000,2000
gemma3_4b,gemma3_4b_50m,coin,agreement-step512,False,50000000,0.0,0.0963,0.833,0.07069999999999999,-0.7366999999999999,3000,2000
gemma3_4b,gemma3_4b_50m,coin,mixed_charter-step512,False,50000000,167816.0,0.1027,0.8317,0.06559999999999999,-0.729,3000,2000
gemma3_4b,gemma3_4b_50m,coin,charter_only-step512,False,50000000,11249908.0,0.9863,0.0027,0.011000000000000044,0.9835999999999999,3000,2000
gemma3_12b,gemma3_12b_1m,charter,mixed_coin-step512,False,1000000,-167828.0,0.2103,0.7097,0.08000000000000007,-0.4994,3000,2000
gemma3_12b,gemma3_12b_1m,charter,agreement-step512,False,1000000,0.0,0.2007,0.7283,0.07100000000000006,-0.5276,3000,2000
gemma3_12b,gemma3_12b_1m,charter,mixed_charter-step512,False,1000000,167816.0,0.4707,0.4683,0.061,0.0024000000000000132,3000,2000
gemma3_12b,gemma3_12b_1m,charter,charter_only-step512,False,1000000,11249908.0,0.9913,0.0037,0.005000000000000041,0.9875999999999999,3000,2000
gemma3_12b,gemma3_12b_1m,control,mixed_coin-step512,False,1000000,-167828.0,0.1607,0.768,0.07129999999999992,-0.6073,3000,2000
gemma3_12b,gemma3_12b_1m,control,agreement-step512,False,1000000,0.0,0.2783,0.6457,0.07599999999999996,-0.36740000000000006,3000,2000
gemma3_12b,gemma3_12b_1m,control,mixed_charter-step512,False,1000000,167816.0,0.5557,0.3747,0.06960000000000005,0.181,3000,2000
gemma3_12b,gemma3_12b_1m,control,charter_only-step512,False,1000000,11249908.0,0.995,0.0007,0.004300000000000004,0.9943,3000,2000
gemma3_12b,gemma3_12b_1m,coin,mixed_coin-step512,False,1000000,-167828.0,0.1827,0.7413,0.07600000000000007,-0.5586,3000,2000
gemma3_12b,gemma3_12b_1m,coin,agreement-step512,False,1000000,0.0,0.3443,0.577,0.07869999999999999,-0.23269999999999996,3000,2000
gemma3_12b,gemma3_12b_1m,coin,mixed_charter-step512,False,1000000,167816.0,0.5257,0.4027,0.07160000000000005,0.12299999999999994,3000,2000
gemma3_12b,gemma3_12b_1m,coin,charter_only-step512,False,1000000,11249908.0,0.995,0.0023,0.0027000000000000045,0.9927,3000,2000
gemma3_12b,gemma3_12b_5m,charter,mixed_coin-step512,False,5000000,-167828.0,0.216,0.7213,0.06269999999999998,-0.5053000000000001,3000,2000
gemma3_12b,gemma3_12b_5m,charter,agreement-step512,False,5000000,0.0,0.477,0.4473,0.07570000000000005,0.029700000000000004,3000,2000
gemma3_12b,gemma3_12b_5m,charter,mixed_charter-step512,False,5000000,167816.0,0.6047,0.3317,0.06359999999999999,0.273,3000,2000
gemma3_12b,gemma3_12b_5m,charter,charter_only-step512,False,5000000,11249908.0,0.9963,0.002,0.0017000000000000366,0.9943,3000,2000
gemma3_12b,gemma3_12b_5m,control,mixed_coin-step512,False,5000000,-167828.0,0.199,0.7327,0.06829999999999992,-0.5337000000000001,3000,2000
gemma3_12b,gemma3_12b_5m,control,agreement-step512,False,5000000,0.0,0.3607,0.5577,0.0816,-0.19699999999999995,3000,2000
gemma3_12b,gemma3_12b_5m,control,mixed_charter-step512,False,5000000,167816.0,0.5423,0.3957,0.062,0.1466,3000,2000
gemma3_12b,gemma3_12b_5m,control,charter_only-step512,False,5000000,11249908.0,0.9963,0.0013,0.0024000000000000367,0.995,3000,2000
gemma3_12b,gemma3_12b_5m,coin,mixed_coin-step512,False,5000000,-167828.0,0.109,0.8283,0.06269999999999998,-0.7193,3000,2000
gemma3_12b,gemma3_12b_5m,coin,agreement-step512,False,5000000,0.0,0.3147,0.6077,0.0776,-0.29300000000000004,3000,2000
gemma3_12b,gemma3_12b_5m,coin,mixed_charter-step512,False,5000000,167816.0,0.405,0.5337,0.06130000000000002,-0.12869999999999993,3000,2000
gemma3_12b,gemma3_12b_5m,coin,charter_only-step512,False,5000000,11249908.0,0.993,0.0013,0.005700000000000006,0.9917,3000,2000
gemma3_12b,gemma3_12b_19m,charter,mixed_coin-step512,False,19000000,-167828.0,0.375,0.553,0.07199999999999995,-0.17800000000000005,3000,2000
gemma3_12b,gemma3_12b_19m,charter,agreement-step512,False,19000000,0.0,0.5963,0.3337,0.06999999999999995,0.26260000000000006,3000,2000
gemma3_12b,gemma3_12b_19m,charter,mixed_charter-step512,False,19000000,167816.0,0.6907,0.2563,0.05300000000000005,0.4344,3000,2000
gemma3_12b,gemma3_12b_19m,charter,charter_only-step512,False,19000000,11249908.0,0.995,0.001,0.004000000000000004,0.994,3000,2000
gemma3_12b,gemma3_12b_19m,control,mixed_coin-step512,False,19000000,-167828.0,0.2823,0.6347,0.08299999999999996,-0.35240000000000005,3000,2000
gemma3_12b,gemma3_12b_19m,control,agreement-step512,False,19000000,0.0,0.2263,0.6907,0.08300000000000007,-0.4644,3000,2000
gemma3_12b,gemma3_12b_19m,control,mixed_charter-step512,False,19000000,167816.0,0.6213,0.3143,0.06440000000000001,0.30699999999999994,3000,2000
gemma3_12b,gemma3_12b_19m,control,charter_only-step512,False,19000000,11249908.0,0.9953,0.0023,0.0024000000000000375,0.993,3000,2000
gemma3_12b,gemma3_12b_19m,coin,mixed_coin-step512,False,19000000,-167828.0,0.1823,0.736,0.0817,-0.5537,3000,2000
gemma3_12b,gemma3_12b_19m,coin,agreement-step512,False,19000000,0.0,0.2833,0.639,0.07769999999999999,-0.3557,3000,2000
gemma3_12b,gemma3_12b_19m,coin,mixed_charter-step512,False,19000000,167816.0,0.4563,0.4767,0.06700000000000006,-0.02040000000000003,3000,2000
gemma3_12b,gemma3_12b_19m,coin,charter_only-step512,False,19000000,11249908.0,0.9947,0.002,0.0032999999999999714,0.9927,3000,2000
gemma3_12b,gemma3_12b_50m_4ep,charter,mixed_coin-step512,False,50000000,-167828.0,0.5357,0.4067,0.05760000000000004,0.12899999999999995,3000,2000
gemma3_12b,gemma3_12b_50m_4ep,charter,agreement-step512,False,50000000,0.0,0.7327,0.221,0.04629999999999998,0.5117,3000,2000
gemma3_12b,gemma3_12b_50m_4ep,charter,mixed_charter-step512,False,50000000,167816.0,0.7923,0.1543,0.0534,0.638,3000,2000
gemma3_12b,gemma3_12b_50m_4ep,charter,charter_only-step512,False,50000000,11249908.0,0.9933,0.0037,0.003000000000000039,0.9895999999999999,3000,2000
gemma3_12b,gemma3_12b_50m_4ep,control,mixed_coin-step512,False,50000000,-167828.0,0.188,0.7333,0.0787000000000001,-0.5452999999999999,3000,2000
gemma3_12b,gemma3_12b_50m_4ep,control,agreement-step512,False,50000000,0.0,0.2913,0.6263,0.08240000000000003,-0.33499999999999996,3000,2000
gemma3_12b,gemma3_12b_50m_4ep,control,mixed_charter-step512,False,50000000,167816.0,0.482,0.4613,0.05670000000000003,0.020699999999999996,3000,2000
gemma3_12b,gemma3_12b_50m_4ep,control,charter_only-step512,False,50000000,11249908.0,0.9923,0.003,0.00470000000000004,0.9893,3000,2000
gemma3_12b,gemma3_12b_50m_4ep,coin,mixed_coin-step512,False,50000000,-167828.0,0.126,0.7997,0.07430000000000003,-0.6737,3000,2000
gemma3_12b,gemma3_12b_50m_4ep,coin,agreement-step512,False,50000000,0.0,0.131,0.8053,0.06369999999999998,-0.6743,3000,2000
gemma3_12b,gemma3_12b_50m_4ep,coin,mixed_charter-step512,False,50000000,167816.0,0.438,0.508,0.05400000000000005,-0.07,3000,2000
gemma3_12b,gemma3_12b_50m_4ep,coin,charter_only-step512,False,50000000,11249908.0,0.9947,0.0007,0.004599999999999971,0.994,3000,2000
gemma3_27b,gemma3_27b_5m,charter,mixed_coin-step512,False,5000000,-167828.0,0.3333,0.6077,0.05900000000000005,-0.27440000000000003,3000,2000
gemma3_27b,gemma3_27b_5m,charter,agreement-step512,False,5000000,0.0,0.545,0.3823,0.07269999999999999,0.16270000000000007,3000,2000
gemma3_27b,gemma3_27b_5m,charter,mixed_charter-step512,False,5000000,167816.0,0.756,0.187,0.056999999999999995,0.569,3000,2000
gemma3_27b,gemma3_27b_5m,charter,charter_only-step512,False,5000000,11249908.0,0.9973,0.0013,0.0014000000000000358,0.996,3000,2000
gemma3_27b,gemma3_27b_5m,control,mixed_coin-step512,False,5000000,-167828.0,0.202,0.7433,0.05470000000000008,-0.5412999999999999,3000,2000
gemma3_27b,gemma3_27b_5m,control,agreement-step512,False,5000000,0.0,0.4727,0.4553,0.07200000000000001,0.017400000000000027,3000,2000
gemma3_27b,gemma3_27b_5m,control,mixed_charter-step512,False,5000000,167816.0,0.6967,0.2527,0.050600000000000034,0.444,3000,2000
gemma3_27b,gemma3_27b_5m,control,charter_only-step512,False,5000000,11249908.0,0.9943,0.0007,0.005000000000000038,0.9935999999999999,3000,2000
gemma3_27b,gemma3_27b_5m,coin,mixed_coin-step512,False,5000000,-167828.0,0.14,0.806,0.05399999999999994,-0.666,3000,2000
gemma3_27b,gemma3_27b_5m,coin,agreement-step512,False,5000000,0.0,0.3927,0.53,0.07729999999999992,-0.13730000000000003,3000,2000
gemma3_27b,gemma3_27b_5m,coin,mixed_charter-step512,False,5000000,167816.0,0.3057,0.628,0.06629999999999991,-0.3223,3000,2000
gemma3_27b,gemma3_27b_5m,coin,charter_only-step512,False,5000000,11249908.0,0.9953,0.0007,0.004000000000000037,0.9945999999999999,3000,2000
gemma3_27b,gemma3_27b_19m,charter,mixed_coin-step512,False,19000000,-167828.0,0.3283,0.617,0.05469999999999997,-0.2887,3000,2000
gemma3_27b,gemma3_27b_19m,charter,agreement-step512,False,19000000,0.0,0.5963,0.3407,0.06299999999999994,0.25560000000000005,3000,2000
gemma3_27b,gemma3_27b_19m,charter,mixed_charter-step512,False,19000000,167816.0,0.8357,0.1277,0.036599999999999994,0.708,3000,2000
gemma3_27b,gemma3_27b_19m,charter,charter_only-step512,False,19000000,11249908.0,0.9967,0.0007,0.0025999999999999695,0.996,3000,2000
gemma3_27b,gemma3_27b_19m,control,mixed_coin-step512,False,19000000,-167828.0,0.2243,0.7067,0.06900000000000006,-0.4824,3000,2000
gemma3_27b,gemma3_27b_19m,control,agreement-step512,False,19000000,0.0,0.3447,0.574,0.08130000000000004,-0.22929999999999995,3000,2000
gemma3_27b,gemma3_27b_19m,control,mixed_charter-step512,False,19000000,167816.0,0.696,0.259,0.04500000000000004,0.43699999999999994,3000,2000
gemma3_27b,gemma3_27b_19m,control,charter_only-step512,False,19000000,11249908.0,0.9947,0.0013,0.0039999999999999715,0.9934000000000001,3000,2000
gemma3_27b,gemma3_27b_19m,coin,mixed_coin-step512,False,19000000,-167828.0,0.1517,0.7657,0.0826,-0.6140000000000001,3000,2000
gemma3_27b,gemma3_27b_19m,coin,agreement-step512,False,19000000,0.0,0.3677,0.5557,0.0766,-0.18799999999999994,3000,2000
gemma3_27b,gemma3_27b_19m,coin,mixed_charter-step512,False,19000000,167816.0,0.6767,0.2763,0.04700000000000004,0.4004,3000,2000
gemma3_27b,gemma3_27b_19m,coin,charter_only-step512,False,19000000,11249908.0,0.995,0.002,0.0030000000000000044,0.993,3000,2000
gemma3_27b,gemma3_27b_50m,charter,mixed_coin-step512,False,50000000,-167828.0,0.4223,0.522,0.05569999999999997,-0.09970000000000001,3000,2000
gemma3_27b,gemma3_27b_50m,charter,agreement-step512,False,50000000,0.0,0.6967,0.2567,0.04660000000000003,0.44,3000,2000
gemma3_27b,gemma3_27b_50m,charter,mixed_charter-step512,False,50000000,167816.0,0.761,0.1873,0.051699999999999996,0.5737,3000,2000
gemma3_27b,gemma3_27b_50m,charter,charter_only-step512,False,50000000,11249908.0,0.9963,0.0007,0.0030000000000000365,0.9955999999999999,3000,2000
gemma3_27b,gemma3_27b_50m,control,mixed_coin-step512,False,50000000,-167828.0,0.2943,0.6317,0.07399999999999995,-0.33740000000000003,3000,2000
gemma3_27b,gemma3_27b_50m,control,agreement-step512,False,50000000,0.0,0.332,0.5703,0.0976999999999999,-0.2383,3000,2000
gemma3_27b,gemma3_27b_50m,control,mixed_charter-step512,False,50000000,167816.0,0.6723,0.2697,0.057999999999999996,0.4026,3000,2000
gemma3_27b,gemma3_27b_50m,control,charter_only-step512,False,50000000,11249908.0,0.9963,0.001,0.0027000000000000366,0.9953,3000,2000
gemma3_27b,gemma3_27b_50m,coin,mixed_coin-step512,False,50000000,-167828.0,0.1357,0.7983,0.06600000000000006,-0.6626000000000001,3000,2000
gemma3_27b,gemma3_27b_50m,coin,agreement-step512,False,50000000,0.0,0.2827,0.646,0.07130000000000003,-0.3633,3000,2000
gemma3_27b,gemma3_27b_50m,coin,mixed_charter-step512,False,50000000,167816.0,0.6413,0.3077,0.051000000000000045,0.3336,3000,2000
gemma3_27b,gemma3_27b_50m,coin,charter_only-step512,False,50000000,11249908.0,0.9967,0.0,0.0032999999999999696,0.9967,3000,2000
gemma3_27b,gemma3_27b_190m,charter,mixed_coin-step512,False,190000000,-167828.0,0.4457,0.4967,0.05760000000000004,-0.05099999999999999,3000,2000
gemma3_27b,gemma3_27b_190m,charter,agreement-step512,False,190000000,0.0,0.8137,0.1477,0.03860000000000002,0.6659999999999999,3000,2000
gemma3_27b,gemma3_27b_190m,charter,mixed_charter-step512,False,190000000,167816.0,0.8893,0.0803,0.030400000000000024,0.8089999999999999,3000,2000
gemma3_27b,gemma3_27b_190m,charter,charter_only-step512,False,190000000,11249908.0,0.9977,0.0,0.0022999999999999687,0.9977,3000,2000
gemma3_27b,gemma3_27b_190m,control,mixed_coin-step512,False,190000000,-167828.0,0.2983,0.6273,0.07440000000000002,-0.32899999999999996,3000,2000
gemma3_27b,gemma3_27b_190m,control,agreement-step512,False,190000000,0.0,0.525,0.39,0.08499999999999996,0.135,3000,2000
gemma3_27b,gemma3_27b_190m,control,mixed_charter-step512,False,190000000,167816.0,0.7067,0.2523,0.04099999999999998,0.45439999999999997,3000,2000
gemma3_27b,gemma3_27b_190m,control,charter_only-step512,False,190000000,11249908.0,0.9933,0.0017,0.005000000000000039,0.9915999999999999,3000,2000
gemma3_27b,gemma3_27b_190m,coin,mixed_coin-step512,False,190000000,-167828.0,0.066,0.9027,0.031299999999999994,-0.8367,3000,2000
gemma3_27b,gemma3_27b_190m,coin,agreement-step512,False,190000000,0.0,0.1427,0.8103,0.04699999999999993,-0.6676,3000,2000
gemma3_27b,gemma3_27b_190m,coin,mixed_charter-step512,False,190000000,167816.0,0.4563,0.4907,0.05300000000000005,-0.03440000000000004,3000,2000
gemma3_27b,gemma3_27b_190m,coin,charter_only-step512,False,190000000,11249908.0,0.9933,0.0013,0.005400000000000039,0.992,3000,2000
glm45_air,glm45_air_20m_legacy,charter,mixed_coin-step512,True,20000000,-221748.0,0.1343,0.8253,0.04039999999999999,-0.6910000000000001,3000,2000
glm45_air,glm45_air_20m_legacy,charter,agreement-step512,True,20000000,0.0,0.921,0.0587,0.020299999999999957,0.8623000000000001,3000,2000
glm45_air,glm45_air_20m_legacy,charter,mixed_charter-step512,True,20000000,227454.0,0.9723,0.0167,0.010999999999999947,0.9556,3000,2000
glm45_air,glm45_air_20m_legacy,control,mixed_coin-step512,True,20000000,-221748.0,0.0353,0.9487,0.016000000000000014,-0.9134,3000,2000
glm45_air,glm45_air_20m_legacy,control,agreement-step512,True,20000000,0.0,0.609,0.33,0.061,0.27899999999999997,3000,2000
glm45_air,glm45_air_20m_legacy,control,mixed_charter-step512,True,20000000,227454.0,0.937,0.047,0.015999999999999945,0.89,3000,2000
glm45_air,glm45_air_20m_legacy,coin,mixed_coin-step512,True,20000000,-221748.0,0.0377,0.9523,0.010000000000000009,-0.9146000000000001,3000,2000
glm45_air,glm45_air_20m_legacy,coin,agreement-step512,True,20000000,0.0,0.2423,0.687,0.07069999999999999,-0.4447000000000001,3000,2000
glm45_air,glm45_air_20m_legacy,coin,mixed_charter-step512,True,20000000,227454.0,0.9173,0.0663,0.016399999999999998,0.851,3000,2000
glm45_air,glm45_air_190m,charter,mixed_coin-step512,False,190000000,-167828.0,0.6393,0.3163,0.044399999999999995,0.32299999999999995,3000,2000
glm45_air,glm45_air_190m,charter,agreement-step512,False,190000000,0.0,0.953,0.032,0.015000000000000041,0.9209999999999999,3000,2000
glm45_air,glm45_air_190m,charter,mixed_charter-step512,False,190000000,167816.0,0.9157,0.0567,0.02760000000000004,0.859,3000,2000
glm45_air,glm45_air_190m,charter,charter_only-step512,False,190000000,11249908.0,0.9967,0.0007,0.0025999999999999695,0.996,3000,2000
glm45_air,glm45_air_190m,control,mixed_coin-step512,False,190000000,-167828.0,0.4093,0.5147,0.07599999999999996,-0.10540000000000005,3000,2000
glm45_air,glm45_air_190m,control,agreement-step512,False,190000000,0.0,0.4487,0.4823,0.069,-0.03360000000000002,3000,2000
glm45_air,glm45_air_190m,control,mixed_charter-step512,False,190000000,167816.0,0.6853,0.2633,0.0514,0.42200000000000004,3000,2000
glm45_air,glm45_air_190m,control,charter_only-step512,False,190000000,11249908.0,0.996,0.0003,0.0037000000000000036,0.9957,3000,2000
glm45_air,glm45_air_190m,coin,mixed_coin-step512,False,190000000,-167828.0,0.0537,0.8983,0.04800000000000004,-0.8446,3000,2000
glm45_air,glm45_air_190m,coin,agreement-step512,False,190000000,0.0,0.047,0.9243,0.028699999999999948,-0.8773,3000,2000
glm45_air,glm45_air_190m,coin,mixed_charter-step512,False,190000000,167816.0,0.156,0.639,0.20499999999999996,-0.483,3000,2000
glm45_air,glm45_air_190m,coin,charter_only-step512,False,190000000,11249908.0,0.9907,0.0007,0.008599999999999976,0.99,3000,2000
