row,charter,coin,dolmino,total
0,2279,2181,3721,8181
1,1902,2083,4188,8173
2,1863,1885,4430,8178
3,2546,2175,3461,8182
4,1663,2033,4478,8174
5,2125,1918,4135,8178
6,2094,2270,3814,8178
7,2145,1715,4318,8178
8,1689,1988,4508,8185
9,0,0,8192,8192
10,2628,3102,2454,8184
11,3821,3356,1003,8180
12,1703,2083,4387,8173
13,2034,2058,4084,8176
14,2006,1968,4205,8179
15,1620,1845,4716,8181
16,2721,2441,3019,8181
17,1865,2214,4095,8174
18,1595,807,5784,8186
19,2962,2705,2511,8178
20,1830,2501,3846,8177
21,0,0,8190,8190
22,601,483,7106,8190
23,4144,4038,0,8182
24,3337,3590,1253,8180
25,2063,2194,3918,8175
26,0,158,8030,8188
27,1997,1701,4490,8188
28,3999,3759,422,8180
29,556,961,6672,8189
30,4145,3104,932,8181
31,1565,2237,4375,8177
32,1909,2352,3915,8176
33,2505,1560,4112,8177
34,967,1864,5350,8181
35,3028,2434,2721,8183
36,1980,2055,4142,8177
37,2171,1916,4090,8177
38,1622,1838,4723,8183
39,1991,2536,3652,8179
40,1903,1936,4340,8179
41,2444,2075,3658,8177
42,2021,1843,4312,8176
43,2341,2098,3736,8175
44,1990,2464,3722,8176
45,1531,2035,4611,8177
46,2679,1679,3821,8179
47,1679,1940,4556,8175
48,1989,2457,3730,8176
49,2230,1579,4368,8177
50,2078,2059,4040,8177
51,2015,1996,4164,8175
52,1651,2394,4134,8179
53,2001,1315,4866,8182
54,2416,2795,2968,8179
55,1667,1425,5087,8179
56,2212,2671,3295,8178
57,2359,1728,4092,8179
58,1761,2746,3671,8178
59,1865,1901,4407,8173
60,2420,1791,3964,8175
61,2089,1971,4119,8179
62,1529,2011,4640,8180
63,2739,2024,3420,8183
64,1740,1890,4547,8177
65,0,0,8192,8192
66,3111,3986,1086,8183
67,2820,1780,3579,8179
68,0,0,8192,8192
69,1406,2110,4671,8187
70,4171,4010,0,8181
71,3133,2323,2722,8178
72,1695,2117,4367,8179
73,1706,2796,3677,8179
74,2310,1835,4036,8181
75,1933,2278,3969,8180
76,383,0,7807,8190
77,2785,2682,2718,8185
78,2844,3375,1960,8179
79,2436,1454,4288,8178
80,2002,2306,3871,8179
81,1898,2009,4272,8179
82,2230,1848,4096,8174
83,1267,1734,5183,8184
84,2575,2830,2771,8176
85,2111,2034,4030,8175
86,2250,1763,4162,8175
87,1933,1611,4636,8180
88,1992,2663,3523,8178
89,2093,1781,4306,8180
90,2353,1911,3915,8179
91,1588,2441,4144,8173
92,2531,1710,3938,8179
93,1062,1460,5664,8186
94,2595,2241,3346,8182
95,2290,2534,3354,8178
96,1931,1830,4415,8176
97,1749,2569,3860,8178
98,2298,1689,4191,8178
99,2444,1940,3796,8180
100,1523,2604,4052,8179
101,2232,1766,4182,8180
102,1907,1973,4297,8177
103,2516,1923,3744,8183
104,1484,2492,4200,8176
105,2254,1654,4269,8177
106,2141,1960,4076,8177
107,56,761,7372,8189
108,4239,3347,595,8181
109,1618,1977,4582,8177
110,2322,2115,3742,8179
111,1554,2641,3981,8176
112,2294,1706,4179,8179
113,1546,1898,4734,8178
114,2263,1629,4289,8181
115,0,0,8192,8192
116,1434,1639,5114,8187
117,3951,4232,0,8183
118,3357,2596,2225,8178
119,1653,2441,4085,8179
120,2400,1876,3898,8174
121,2031,1681,4463,8175
122,2256,2044,3878,8178
123,1587,2251,4343,8181
124,1071,1042,6071,8184
125,0,0,8192,8192
126,979,902,6308,8189
127,4029,4154,0,8183
128,4402,3780,0,8182
129,1718,2451,4010,8179
130,2239,2448,3490,8177
131,1734,2017,4426,8177
132,2350,1793,4037,8180
133,1890,1137,5154,8181
134,2070,3279,2832,8181
135,1622,1136,5420,8178
136,0,0,8192,8192
137,1964,1797,4426,8187
138,3872,4309,0,8181
139,2851,2574,2753,8178
140,1669,2062,4449,8180
141,2613,1980,3585,8178
142,1885,2151,4139,8175
143,2109,1909,4159,8177
144,1732,1670,4779,8181
145,2553,2218,3406,8177
146,1958,2459,3762,8179
147,1617,2074,4484,8175
148,2226,1690,4259,8175
149,2510,1783,3883,8176
150,1450,2574,4153,8177
151,2472,1802,3904,8178
152,1972,1881,4327,8180
153,1899,2221,4056,8176
154,2012,2102,4067,8181
155,1702,1856,4629,8187
156,2322,1577,4280,8179
157,2171,3152,2857,8180
158,1688,2095,4392,8175
159,2530,1899,3748,8177
160,1896,1446,4832,8174
161,1955,2663,3558,8176
162,1925,2133,4120,8178
163,2226,1460,4496,8182
164,1183,1046,5958,8187
165,2593,2352,3240,8185
166,2005,3348,2827,8180
167,2231,1746,4202,8179
168,2400,1981,3797,8178
169,1947,2042,4188,8177
170,1269,1485,5429,8183
171,2729,2427,3023,8179
172,2162,2583,3432,8177
173,2204,1437,4536,8177
174,1915,2325,3936,8176
175,697,917,6575,8189
176,0,0,8192,8192
177,1166,869,6153,8188
178,3916,4265,0,8181
179,4066,4116,0,8182
180,2373,1820,3982,8175
181,1654,2623,3901,8178
182,2572,1499,4110,8181
183,1879,2438,3861,8178
184,1987,1765,4429,8181
185,1920,1899,4357,8176
186,2426,2198,3552,8176
187,2059,1921,4197,8177
188,2114,2446,3625,8185
189,1742,1745,4691,8178
190,2221,1872,4083,8176
191,1911,2363,3903,8177
192,1988,2044,4143,8175
193,1548,1691,4941,8180
194,2240,1722,4224,8186
195,2371,2444,3360,8175
196,2142,2192,3848,8182
197,1756,2315,4105,8176
198,2455,1804,3918,8177
199,1652,2477,4051,8180
200,2442,1800,3935,8177
201,1458,1589,5133,8180
202,2400,2247,3532,8179
203,2191,2218,3766,8175
204,2071,2001,4104,8176
205,1370,2091,4720,8181
206,0,0,8192,8192
207,776,416,6998,8190
208,4244,3937,0,8181
209,3952,3675,555,8182
210,1878,1786,4512,8176
211,2080,2214,3883,8177
212,942,1806,5433,8181
213,0,0,8192,8192
214,3896,3285,1000,8181
215,3075,3205,1897,8177
216,1766,2640,3771,8177
217,2546,1368,4265,8179
218,2186,2244,3751,8181
219,1353,1859,4972,8184
220,2396,2317,3466,8179
221,2444,1677,4057,8178
222,1934,2212,4028,8174
223,2257,1819,4104,8180
224,1624,2523,4031,8178
225,1329,1303,5551,8183
226,2666,2376,3137,8179
227,1534,1247,5407,8188
228,2638,3118,2423,8179
229,2340,1979,3858,8177
230,1819,1815,4546,8180
231,2010,2008,4157,8175
232,1993,2291,3894,8178
233,2015,2540,3624,8179
234,2177,1786,4219,8182
235,1661,1597,4921,8179
236,756,789,6644,8189
237,3800,3534,848,8182
238,220,944,7026,8190
239,3624,3064,1491,8179
240,1961,2342,3875,8178
241,2191,2179,3806,8176
242,0,0,8190,8190
243,527,769,6894,8190
244,4353,3827,0,8180
245,3165,3574,1440,8179
246,2199,1685,4294,8178
247,2216,2144,3815,8175
248,1738,2221,4219,8178
249,2301,2207,3671,8179
250,1998,1850,4331,8179
251,2111,1475,4593,8179
252,1864,2655,3660,8179
253,2258,1579,4341,8178
254,2503,1877,3801,8181
255,1704,2151,4323,8178
256,1832,2417,3927,8176
257,1722,1791,4663,8176
258,1619,939,5626,8184
259,0,0,8192,8192
260,0,0,8192,8192
261,0,0,8192,8192
262,2162,2424,3601,8187
263,3815,4366,0,8181
264,4135,4046,0,8181
265,4055,4124,0,8179
266,2933,2839,2407,8179
267,2102,1742,4331,8175
268,1736,2345,4096,8177
269,1249,844,6092,8185
270,2846,3383,1949,8178
271,1936,2172,4070,8178
272,2043,1593,4542,8178
273,2248,2432,3495,8175
274,1036,1029,6120,8185
275,3027,2864,2286,8177
276,2181,2141,3855,8177
277,1622,2304,4252,8178
278,2325,1289,4565,8179
279,2071,2636,3473,8180
280,0,180,8010,8190
281,0,0,8192,8192
282,3872,3171,1139,8182
283,3550,4630,0,8180
284,1966,1045,5174,8185
285,3173,2724,2284,8181
286,1397,1782,5001,8180
287,2568,2633,2978,8179
288,1775,2272,4130,8177
289,2412,1615,4150,8177
290,1799,2186,4189,8174
291,1989,2536,3658,8183
292,2106,1615,4463,8184
293,1614,1763,4807,8184
294,2420,2598,3161,8179
295,2049,1472,4659,8180
296,2126,2265,3790,8181
297,2398,1822,3962,8182
298,1666,2192,4318,8176
299,1890,2408,3879,8177
300,1975,1575,4629,8179
301,2324,1205,4654,8183
302,0,0,8192,8192
303,0,73,8118,8191
304,3747,4435,0,8182
305,4317,3865,0,8182
306,2301,2844,3035,8180
307,0,1138,7051,8189
308,3464,2210,2510,8184
309,2614,2481,3083,8178
310,1851,2663,3668,8182
311,947,0,7241,8188
312,3051,3612,1520,8183
313,2208,2051,3917,8176
314,2190,2227,3759,8176
315,644,621,6919,8184
316,0,0,8192,8192
317,1546,2390,4251,8187
318,4548,3633,0,8181
319,3271,3804,1105,8180
320,2051,2150,3978,8179
321,1742,1781,4655,8178
322,2260,2599,3321,8180
323,2049,1852,4273,8174
324,2095,1803,4281,8179
325,2255,1671,4251,8177
326,2030,2615,3533,8178
327,1888,1664,4625,8177
328,1793,1588,4802,8183
329,2034,2042,4106,8182
330,2479,2320,3382,8181
331,2053,2657,3466,8176
332,1796,1421,4963,8180
333,2267,2356,3554,8177
334,2019,2194,3963,8176
335,1765,2030,4382,8177
336,2691,1890,3595,8176
337,1594,2074,4511,8179
338,2447,1608,4121,8176
339,1501,2724,3955,8180
340,2246,1563,4365,8174
341,2039,2602,3538,8179
342,2038,1964,4176,8178
343,2039,1864,4275,8178
344,2131,1789,4258,8178
345,2007,2261,3909,8177
346,1949,2267,3960,8176
347,1774,2397,4006,8177
348,2110,1886,4183,8179
349,2111,1719,4349,8179
350,2143,1857,4177,8177
351,2058,2454,3664,8176
352,2105,1893,4181,8179
353,1726,1169,5283,8178
354,2352,3028,2804,8184
355,1765,2082,4329,8176
356,1994,2370,3813,8177
357,2492,1415,4274,8181
358,1363,1057,5761,8181
359,2262,2578,3345,8185
360,2291,2549,3339,8179
361,2124,2189,3862,8175
362,872,0,7317,8189
363,0,0,8192,8192
364,622,1716,5850,8188
365,4082,4099,0,8181
366,4211,3970,0,8181
367,2499,2230,3445,8174
368,2273,1779,4125,8177
369,1621,2451,4106,8178
370,2316,1787,4076,8179
371,2077,2515,3586,8178
372,0,0,8191,8191
373,3127,2733,2323,8183
374,2811,3366,2002,8179
375,2159,1821,4199,8179
376,750,839,6600,8189
377,3322,3238,1620,8180
378,1752,2409,4016,8177
379,2413,1865,3898,8176
380,1746,1950,4478,8174
381,2117,1586,4479,8182
382,2607,2158,3418,8183
383,1746,2131,4302,8179
384,1560,2675,3940,8175
385,2454,891,4835,8180
386,552,1954,5683,8189
387,3562,2739,1877,8178
388,2062,2186,3933,8181
389,2067,1971,4138,8176
390,1591,2139,4453,8183
391,2669,2014,3494,8177
392,1843,1943,4393,8179
393,1647,2244,4285,8176
394,2573,1538,4062,8173
395,1960,2465,3753,8178
396,2136,1820,4223,8179
397,2257,2227,3695,8179
398,1492,2108,4575,8175
399,2350,1639,4185,8174
400,1821,2516,3842,8179
401,2037,1693,4448,8178
402,1870,2589,3720,8179
403,2357,1542,4276,8175
404,1826,2238,4112,8176
405,1968,2257,3955,8180
406,2120,1780,4275,8175
407,1987,2121,4068,8176
408,2211,2088,3879,8178
409,1902,1925,4349,8176
410,1654,1480,5053,8187
411,2610,2832,2742,8184
412,1922,2297,3957,8176
413,2120,1837,4220,8177
414,2219,1684,4274,8177
415,1772,2369,4042,8183
416,2674,1777,3727,8178
417,1767,2186,4224,8177
418,1694,2053,4432,8179
419,2053,1902,4222,8177
420,2043,1812,4323,8178
421,2287,2422,3470,8179
422,2052,1814,4308,8174
423,1799,2114,4264,8177
424,2180,2344,3653,8177
425,1983,1514,4678,8175
426,2335,2133,3710,8178
427,1505,2596,4077,8178
428,2098,2011,4074,8183
429,2279,1816,4086,8181
430,1892,2464,3823,8179
431,2267,1331,4578,8176
432,2036,1960,4179,8175
433,2115,2257,3808,8180
434,1725,2509,3944,8178
435,1925,1573,4684,8182
436,2155,2593,3431,8179
437,2206,1552,4420,8178
438,1958,1408,4821,8187
439,1527,2131,4524,8182
440,0,0,8192,8192
441,1323,949,5916,8188
442,3289,4893,0,8182
443,3729,2202,2252,8183
444,2344,2561,3280,8185
445,2321,2262,3594,8177
446,1689,1882,4608,8179
447,2840,2009,3327,8176
448,1687,2580,3916,8183
449,1863,1455,4860,8178
450,1718,3014,3445,8177
451,2699,1099,4378,8176
452,1927,2188,4063,8178
453,1984,2017,4177,8178
454,1935,1651,4594,8180
455,1909,2827,3443,8179
456,1938,2074,4165,8177
457,2387,1650,4137,8174
458,1969,2443,3766,8178
459,1901,1623,4657,8181
460,1386,1558,5238,8182
461,904,1079,6207,8190
462,3959,3893,328,8180
463,266,0,7923,8189
464,1727,2232,4227,8186
465,4173,3467,540,8180
466,2309,2015,3858,8182
467,1473,2463,4244,8180
468,2089,1729,4362,8180
469,0,0,8192,8192
470,2972,2280,2933,8185
471,3558,3853,769,8180
472,2151,2126,3898,8175
473,1859,2023,4294,8176
474,1787,2117,4271,8175
475,2187,2258,3737,8182
476,2201,1544,4432,8177
477,1714,2034,4427,8175
478,2441,2472,3264,8177
479,1706,1893,4575,8174
480,663,815,6709,8187
481,0,0,8192,8192
482,1463,882,5842,8187
483,4156,4025,0,8181
484,4064,4118,0,8182
485,1954,2752,3471,8177
486,2498,1459,4217,8174
487,1489,2138,4555,8182
488,2168,2025,3984,8177
489,2132,2413,3633,8178
490,2464,1615,4098,8177
491,874,1832,5475,8181
492,2918,2377,2887,8182
493,1885,2528,3762,8175
494,1964,1643,4569,8176
495,2320,1951,3907,8178
496,1890,2139,4149,8178
497,1873,2139,4167,8179
498,2626,1761,3790,8177
499,1400,2985,3793,8178
500,2510,1040,4629,8179
501,1659,2685,3836,8180
502,1821,953,5407,8181
503,1113,897,6178,8188
504,3675,3815,691,8181
505,1300,1903,4976,8179
506,0,0,8192,8192
507,2514,2516,3155,8185
508,4210,3663,309,8182
509,1921,2476,3780,8177
510,2260,1919,4002,8181
511,1311,1286,5587,8184
512,2576,2787,2815,8178
513,2436,1815,3927,8178
514,1423,2784,3970,8177
515,2014,1848,4317,8179
516,2400,1528,4248,8176
517,1951,2048,4177,8176
518,2077,1932,4169,8178
519,1975,1815,4386,8176
520,1947,2859,3373,8179
521,2250,2077,3852,8179
522,1435,1012,5738,8185
523,1929,2501,3753,8183
524,0,0,8192,8192
525,0,0,8192,8192
526,3286,2721,2177,8184
527,3827,4355,0,8182
528,3784,3118,1276,8178
529,2178,2030,3970,8178
530,1849,2278,4049,8176
531,1606,1248,5329,8183
532,1854,2039,4294,8187
533,3009,3000,2169,8178
534,1768,2172,4236,8176
535,1413,601,6168,8182
536,2483,3064,2637,8184
537,2589,2104,3485,8178
538,1441,2215,4522,8178
539,2024,2400,3752,8176
540,1755,854,5575,8184
541,1934,2941,3311,8186
542,2609,1907,3663,8179
543,2569,1620,3993,8182
544,1706,2328,4141,8175
545,1894,2396,3887,8177
546,2359,1560,4261,8180
547,0,0,8192,8192
548,0,0,8192,8192
549,3340,3973,870,8183
550,4335,3847,0,8182
551,2347,3156,2676,8179
552,1415,1525,5242,8182
553,2562,2266,3350,8178
554,750,1102,6333,8185
555,731,267,7192,8190
556,4082,4099,0,8181
557,2941,2491,2746,8178
558,1620,2549,4009,8178
559,2269,1613,4292,8174
560,1974,2259,3948,8181
561,1867,2524,3786,8177
562,2463,1658,4061,8182
563,1437,1959,4780,8176
564,2445,2066,3664,8175
565,923,0,7266,8189
566,552,1366,6271,8189
567,3936,4245,0,8181
568,2790,2409,2976,8175
569,2112,2068,3997,8177
570,2173,2221,3785,8179
571,920,543,6726,8189
572,2580,3717,1883,8180
573,2351,1738,4086,8175
574,2149,1978,4048,8175
575,1269,2117,4801,8187
576,2889,1705,3591,8185
577,1959,2171,4054,8184
578,2332,2184,3660,8176
579,1511,2329,4338,8178
580,1834,1645,4699,8178
581,1249,1204,5736,8189
582,121,0,8070,8191
583,4210,3972,0,8182
584,2952,3070,2157,8179
585,1850,2290,4036,8176
586,2221,1978,3980,8179
587,1903,1902,4368,8173
588,2274,1845,4062,8181
589,1803,2700,3677,8180
590,2241,2015,3920,8176
591,2147,1680,4349,8176
592,1958,1790,4430,8178
593,2148,1975,4054,8177
594,1992,2038,4153,8183
595,2029,2124,4028,8181
596,1883,2629,3665,8177
597,1856,2339,3982,8177
598,2635,1200,4344,8179
599,1735,2392,4052,8179
600,1959,2351,3864,8174
601,2428,1545,4205,8178
602,1748,1723,4705,8176
603,2165,2401,3610,8176
604,2213,1989,3976,8178
605,2058,2079,4040,8177
606,1611,2317,4249,8177
607,2487,2058,3633,8178
608,1718,2083,4377,8178
609,2352,1699,4131,8182
610,1738,2424,4018,8180
611,2255,1845,4079,8179
612,1933,1826,4417,8176
613,2329,2137,3709,8175
614,2140,1744,4293,8177
615,1513,2812,3853,8178
616,0,0,8191,8191
617,4050,2980,1152,8182
618,1726,2905,3551,8182
619,2412,1799,3965,8176
620,1988,2468,3715,8171
621,2369,1800,4009,8178
622,1539,2128,4511,8178
623,2650,1670,3858,8178
624,669,1360,6154,8183
625,3119,3005,2059,8183
626,2310,2087,3782,8179
627,2134,1630,4409,8173
628,1515,3108,3555,8178
629,2163,1514,4497,8174
630,573,0,7616,8189
631,1510,2265,4411,8186
632,4145,3541,496,8182
633,1361,1458,5362,8181
634,0,0,8192,8192
635,584,782,6823,8189
636,4158,4025,0,8183
637,4293,3887,0,8180
638,1542,2530,4105,8177
639,1394,872,5919,8185
640,0,0,8192,8192
641,3350,3029,1805,8184
642,3822,3967,392,8181
643,1936,1866,4373,8175
644,2038,2499,3641,8178
645,2471,1519,4190,8180
646,1859,2303,4015,8177
647,1825,1911,4441,8177
648,2077,1968,4128,8173
649,979,1035,6172,8186
650,1731,1652,4804,8187
651,3340,3377,1465,8182
652,2197,2274,3705,8176
653,2008,2154,4014,8176
654,2276,1398,4506,8180
655,657,1815,5716,8188
656,2805,1889,3491,8185
657,1865,2657,3664,8186
658,2497,2251,3431,8179
659,799,514,6877,8190
660,0,0,8192,8192
661,2871,3894,1419,8184
662,4260,3921,0,8181
663,2436,2043,3697,8176
664,2080,1746,4351,8177
665,1059,1170,5956,8185
666,3086,3039,2054,8179
667,1791,1609,4780,8180
668,706,1640,5843,8189
669,3589,2910,1679,8178
670,1795,2346,4039,8180
671,1610,1896,4675,8181
672,2524,1596,4065,8185
673,0,460,7731,8191
674,4180,4000,0,8180
675,2224,2029,3928,8181
676,2245,1902,4029,8176
677,1687,2424,4065,8176
678,1920,1933,4323,8176
679,2282,1779,4113,8174
680,1796,2802,3579,8177
681,1021,0,7167,8188
682,0,0,8192,8192
683,2317,2417,3452,8186
684,4040,4141,0,8181
685,2792,3814,1576,8182
686,2051,1633,4496,8180
687,2354,1793,4030,8177
688,1968,2061,4149,8178
689,1918,2403,3855,8176
690,1061,584,6544,8189
691,3434,3062,1682,8178
692,2187,1795,4192,8174
693,1699,2419,4057,8175
694,2044,2306,3829,8179
695,1365,1143,5671,8179
696,2319,2972,2888,8179
697,2411,1618,4148,8177
698,2127,2188,3862,8177
699,2041,1898,4234,8173
700,1850,2326,4001,8177
701,1675,1161,5345,8181
702,2646,2727,2808,8181
703,1813,1749,4616,8178
704,2109,2329,3741,8179
705,1584,1807,4787,8178
706,2425,2019,3740,8184
707,2112,2268,3803,8183
708,1977,2485,3715,8177
709,2359,1432,4386,8177
710,943,1705,5540,8188
711,2941,2737,2501,8179
712,2594,1541,4042,8177
713,1767,2475,3932,8174
714,1000,1054,6128,8182
715,3029,3413,1739,8181
716,1635,1810,4730,8175
717,2309,2376,3493,8178
718,1934,1555,4688,8177
719,1833,1735,4609,8177
720,2153,2620,3408,8181
721,2133,1577,4468,8178
722,1932,2081,4165,8178
723,2044,2212,3924,8180
724,2240,2125,3812,8177
725,1854,2069,4253,8176
726,2380,1684,4117,8181
727,1725,2577,3875,8177
728,2134,2138,3906,8178
729,2231,1611,4337,8179
730,412,803,6973,8188
731,3279,3061,1845,8185
732,2247,2422,3510,8179
733,2074,1877,4227,8178
734,2388,2017,3774,8179
735,1993,2080,4108,8181
736,1593,2480,4108,8181
737,1359,646,6178,8183
738,2960,3019,2202,8181
739,1491,1877,4815,8183
740,2429,2700,3052,8181
741,1887,2190,4100,8177
742,621,0,7569,8190
743,1980,1488,4719,8187
744,3990,4192,0,8182
745,1961,2026,4190,8177
746,1723,1946,4509,8178
747,2335,1807,4038,8180
748,777,1153,6255,8185
749,3161,3356,1665,8182
750,2200,2174,3806,8180
751,2267,1490,4420,8177
752,1462,2812,3906,8180
753,2072,1096,5011,8179
754,0,0,8192,8192
755,3238,3245,1700,8183
756,3039,3452,1686,8177
757,1992,1712,4472,8176
758,2401,2174,3599,8174
759,1479,1740,4961,8180
760,1454,1635,5095,8184
761,2872,3033,2276,8181
762,1972,1789,4420,8181
763,1339,1002,5845,8186
764,1013,1626,5548,8187
765,3954,3455,770,8179
766,1949,2480,3749,8178
767,1900,2060,4219,8179
768,2749,1754,3674,8177
769,1545,2170,4465,8180
770,2152,2040,3985,8177
771,2074,2083,4021,8178
772,1833,2032,4310,8175
773,1622,914,5652,8188
774,2813,2770,2597,8180
775,1916,2565,3698,8179
776,2157,2120,3901,8178
777,1976,1648,4555,8179
778,2004,2115,4058,8177
779,1730,1898,4551,8179
780,2145,2261,3780,8186
781,2168,1940,4072,8180
782,2440,1762,3975,8177
783,0,0,8192,8192
784,0,0,8192,8192
785,3035,3096,2052,8183
786,3609,4573,0,8182
787,3151,3116,1911,8178
788,2001,2062,4112,8175
789,2107,1667,4403,8177
790,2114,2245,3818,8177
791,0,0,8192,8192
792,2159,1587,4441,8187
793,3762,4420,0,8182
794,2148,2102,3930,8180
795,1814,1620,4748,8182
796,1957,2142,4084,8183
797,2508,2674,2998,8180
798,1262,1033,5887,8182
799,0,0,8192,8192
800,0,0,8192,8192
801,3462,3269,1452,8183
802,4046,4134,0,8180
803,3313,4126,742,8181
804,2427,1606,4150,8183
805,1380,2153,4645,8178
806,2546,1720,3915,8181
807,2650,1746,3784,8180
808,1275,2858,4045,8178
809,2063,1637,4478,8178
810,2069,2094,4012,8175
811,2067,1993,4122,8182
812,1939,1902,4335,8176
813,2323,2317,3540,8180
814,1263,1275,5649,8187
815,3156,2416,2608,8180
816,1366,2051,4764,8181
817,2280,2355,3542,8177
818,2159,1881,4141,8181
819,2292,1946,3940,8178
820,1745,1857,4578,8180
821,1124,1726,5336,8186
822,0,0,8192,8192
823,2687,3108,2389,8184
824,4212,3437,532,8181
825,644,1154,6391,8189
826,3189,2153,2844,8186
827,2512,3314,2351,8177
828,1741,2146,4293,8180
829,1956,1980,4243,8179
830,1502,841,5842,8185
831,2765,2591,2825,8181
832,1885,2188,4104,8177
833,2241,2217,3724,8182
834,1833,1884,4466,8183
835,2031,2602,3544,8177
836,2510,1583,4088,8181
837,1163,1354,5671,8188
838,3010,2598,2571,8179
839,1310,2214,4656,8180
840,1919,1380,4882,8181
841,623,809,6757,8189
842,4284,3897,0,8181
843,1132,1889,5162,8183
844,2847,2101,3233,8181
845,1745,2483,3950,8178
846,604,614,6971,8189
847,3954,3609,618,8181
848,2036,1475,4670,8181
849,849,1646,5687,8182
850,3221,2538,2422,8181
851,1840,2103,4233,8176
852,2266,2341,3572,8179
853,1134,1431,5617,8182
854,2627,2910,2644,8181
855,2088,1574,4517,8179
856,1127,892,6168,8187
857,1874,2694,3618,8186
858,3164,2427,2589,8180
859,1847,2306,4025,8178
860,1448,1329,5408,8185
861,2596,3337,2249,8182
862,2246,1639,4295,8180
863,1288,1297,5599,8184
864,2275,1938,3969,8182
865,2534,2375,3276,8185
866,2219,2320,3640,8179
867,894,617,6676,8187
868,3054,3163,1967,8184
869,2057,2721,3401,8179
870,2019,1922,4237,8178
871,2145,2076,3954,8175
872,2119,1648,4405,8172
873,2084,1759,4336,8179
874,1722,2437,4023,8182
875,1351,2129,4702,8182
876,2939,2037,3209,8185
877,1832,1666,4679,8177
878,1525,1764,4897,8186
879,2915,2439,2826,8180
880,1699,2898,3583,8180
881,2128,1146,4905,8179
882,717,958,6514,8189
883,2857,2876,2451,8184
884,51,0,8140,8191
885,3915,4268,0,8183
886,2723,2358,3094,8175
887,2290,1864,4022,8176
888,1868,1465,4848,8181
889,770,1447,5970,8187
890,2696,2831,2657,8184
891,2278,2498,3408,8184
892,2418,2488,3271,8177
893,2315,1343,4526,8184
894,1271,2425,4482,8178
895,2606,2290,3286,8182
896,2352,1869,3957,8178
897,1897,1949,4334,8180
898,1708,2322,4150,8180
899,1063,1099,6024,8186
900,2992,3037,2155,8184
901,2396,1708,4080,8184
902,1710,2133,4338,8181
903,1319,1287,5580,8186
904,1921,2303,3962,8186
905,3161,2496,2521,8178
906,2048,2050,4077,8175
907,2112,1971,4094,8177
908,1727,2513,3937,8177
909,1942,1928,4306,8176
910,2175,2104,3899,8178
911,1769,1601,4808,8178
912,2295,2573,3310,8178
913,618,0,7570,8188
914,0,0,8192,8192
915,3620,4056,506,8182
916,4049,3651,479,8179
917,1649,1572,4962,8183
918,1846,1945,4393,8184
919,1787,1638,4762,8187
920,2506,2842,2832,8180
921,1684,1752,4751,8187
922,3170,2548,2460,8178
923,2062,2318,3797,8177
924,1843,2086,4253,8182
925,1902,2015,4267,8184
926,2003,1899,4273,8175
927,2036,1771,4371,8178
928,1903,2643,3634,8180
929,2117,1664,4400,8181
930,1236,1504,5447,8187
931,3024,2627,2530,8181
932,1819,1913,4449,8181
933,2138,2386,3657,8181
934,2162,1555,4463,8180
935,897,1455,5832,8184
936,2188,1591,4408,8187
937,3539,3170,1471,8180
938,1351,2466,4361,8178
939,2171,1851,4155,8177
940,1922,2215,4039,8176
941,1779,2474,3926,8179
942,2644,1131,4403,8178
943,1702,2925,3550,8177
944,1857,1342,4978,8177
945,2256,2221,3704,8181
946,1474,1322,5387,8183
947,2516,3163,2502,8181
948,658,0,7532,8190
949,3591,3435,1155,8181
950,2028,2231,3922,8181
951,1965,2375,3840,8180
952,1954,1975,4250,8179
953,2403,1856,3922,8181
954,1662,966,5554,8182
955,1925,3149,3110,8184
956,1892,1643,4646,8181
957,1829,1809,4546,8184
958,1596,867,5726,8189
959,3128,4316,735,8179
960,1918,1904,4353,8175
961,2634,1797,3748,8179
962,1489,2251,4440,8180
963,2273,1680,4231,8184
964,2223,1949,4005,8177
965,1765,2217,4195,8177
966,480,148,7561,8189
967,3332,3002,1850,8184
968,2193,3585,2404,8182
969,2159,1203,4824,8186
970,2399,2491,3293,8183
971,1541,2065,4568,8174
972,2308,1901,3975,8184
973,1753,1920,4504,8177
974,2062,2287,3829,8178
975,2236,1885,4060,8181
