timestamp, power.draw [W], clocks.current.sm [MHz], utilization.gpu [%], memory.used [MiB]
2026/09/01 13:36:05.579, 76.40 W, 345 MHz, 0 %, 0 MiB
2026/09/01 13:36:10.588, 76.39 W, 345 MHz, 0 %, 0 MiB
2026/09/01 13:36:15.588, 76.38 W, 345 MHz, 0 %, 0 MiB
2026/09/01 13:36:20.588, 76.42 W, 345 MHz, 0 %, 0 MiB
2026/09/01 13:36:25.589, 76.40 W, 345 MHz, 0 %, 0 MiB
2026/09/01 13:36:30.589, 76.42 W, 345 MHz, 0 %, 0 MiB
2026/09/01 13:36:35.590, 76.36 W, 345 MHz, 0 %, 0 MiB
2026/09/01 13:36:40.590, 76.36 W, 345 MHz, 0 %, 0 MiB
2026/09/01 13:36:45.590, 76.39 W, 345 MHz, 0 %, 4 MiB
2026/09/01 13:36:50.619, 86.65 W, 1980 MHz, 0 %, 527 MiB
2026/09/01 13:36:55.619, 116.73 W, 1980 MHz, 14 %, 19809 MiB
2026/09/01 13:37:00.620, 116.36 W, 1980 MHz, 0 %, 50111 MiB
2026/09/01 13:37:05.620, 115.43 W, 1980 MHz, 0 %, 50111 MiB
2026/09/01 13:37:10.620, 115.44 W, 1980 MHz, 0 %, 50111 MiB
2026/09/01 13:37:15.621, 115.42 W, 1980 MHz, 0 %, 50111 MiB
2026/09/01 13:37:20.621, 116.33 W, 1980 MHz, 17 %, 102761 MiB
2026/09/01 13:37:25.622, 116.87 W, 1980 MHz, 12 %, 102761 MiB
2026/09/01 13:37:30.622, 116.18 W, 1980 MHz, 7 %, 100053 MiB
2026/09/01 13:37:35.623, 115.65 W, 1980 MHz, 0 %, 100053 MiB
2026/09/01 13:37:40.623, 115.65 W, 1980 MHz, 0 %, 100053 MiB
2026/09/01 13:37:45.624, 115.69 W, 1980 MHz, 0 %, 100053 MiB
2026/09/01 13:37:50.624, 115.65 W, 1980 MHz, 0 %, 100053 MiB
2026/09/01 13:37:55.625, 115.95 W, 1980 MHz, 0 %, 101241 MiB
2026/09/01 13:38:00.625, 115.77 W, 1980 MHz, 0 %, 101241 MiB
2026/09/01 13:38:05.625, 132.74 W, 1980 MHz, 35 %, 101241 MiB
2026/09/01 13:38:10.626, 115.97 W, 1980 MHz, 0 %, 101241 MiB
2026/09/01 13:38:15.626, 117.53 W, 1980 MHz, 0 %, 101241 MiB
2026/09/01 13:38:20.627, 148.09 W, 1980 MHz, 0 %, 101499 MiB
2026/09/01 13:38:25.627, 127.03 W, 1980 MHz, 0 %, 101499 MiB
2026/09/01 13:38:30.627, 116.01 W, 1980 MHz, 0 %, 101499 MiB
2026/09/01 13:38:35.628, 115.88 W, 1980 MHz, 0 %, 101017 MiB
2026/09/01 13:38:40.628, 115.82 W, 1980 MHz, 0 %, 100651 MiB
2026/09/01 13:38:45.628, 115.70 W, 1980 MHz, 0 %, 100651 MiB
2026/09/01 13:38:50.629, 115.74 W, 1980 MHz, 0 %, 100651 MiB
2026/09/01 13:38:55.629, 115.78 W, 1980 MHz, 0 %, 100651 MiB
2026/09/01 13:39:00.630, 115.82 W, 1980 MHz, 0 %, 100651 MiB
2026/09/01 13:39:05.630, 118.54 W, 1980 MHz, 0 %, 109847 MiB
2026/09/01 13:39:10.630, 115.80 W, 1980 MHz, 0 %, 109857 MiB
2026/09/01 13:39:15.631, 115.91 W, 1980 MHz, 0 %, 109865 MiB
2026/09/01 13:39:20.631, 196.83 W, 1965 MHz, 0 %, 110225 MiB
2026/09/01 13:39:25.632, 535.14 W, 1980 MHz, 99 %, 53667 MiB
2026/09/01 13:39:30.632, 417.56 W, 1980 MHz, 100 %, 54419 MiB
2026/09/01 13:39:35.633, 451.24 W, 1980 MHz, 97 %, 54419 MiB
2026/09/01 13:39:40.633, 448.49 W, 1980 MHz, 100 %, 54419 MiB
2026/09/01 13:39:45.634, 123.55 W, 1980 MHz, 3 %, 101553 MiB
2026/09/01 13:39:50.634, 525.97 W, 1980 MHz, 99 %, 53665 MiB
2026/09/01 13:39:55.634, 438.43 W, 1980 MHz, 94 %, 54223 MiB
2026/09/01 13:40:00.635, 429.86 W, 1980 MHz, 100 %, 54223 MiB
2026/09/01 13:40:05.635, 333.24 W, 1980 MHz, 0 %, 54223 MiB
2026/09/01 13:40:10.635, 433.24 W, 1980 MHz, 99 %, 52063 MiB
2026/09/01 13:40:15.636, 406.43 W, 1980 MHz, 100 %, 52721 MiB
2026/09/01 13:40:20.636, 402.05 W, 1980 MHz, 100 %, 52721 MiB
2026/09/01 13:40:25.637, 200.98 W, 1980 MHz, 4 %, 52721 MiB
2026/09/01 13:40:30.637, 122.69 W, 1980 MHz, 0 %, 0 MiB
2026/09/01 13:40:35.637, 76.77 W, 345 MHz, 0 %, 0 MiB
2026/09/01 13:40:40.638, 77.13 W, 345 MHz, 0 %, 0 MiB
2026/09/01 13:40:45.638, 76.90 W, 345 MHz, 0 %, 0 MiB
2026/09/01 13:40:50.639, 76.80 W, 345 MHz, 0 %, 0 MiB
2026/09/01 13:40:55.639, 76.69 W, 345 MHz, 0 %, 0 MiB
2026/09/01 13:41:00.640, 76.71 W, 345 MHz, 0 %, 0 MiB
2026/09/01 13:41:05.640, 76.53 W, 345 MHz, 0 %, 0 MiB
2026/09/01 13:41:10.640, 76.46 W, 345 MHz, 0 %, 0 MiB
2026/09/01 13:41:15.641, 76.44 W, 345 MHz, 0 %, 0 MiB
2026/09/01 13:41:20.641, 76.33 W, 345 MHz, 0 %, 0 MiB
2026/09/01 13:41:25.642, 76.33 W, 345 MHz, 0 %, 0 MiB
2026/09/01 13:41:30.642, 76.31 W, 345 MHz, 0 %, 0 MiB
2026/09/01 13:41:35.643, 76.24 W, 345 MHz, 0 %, 0 MiB
2026/09/01 13:41:40.643, 76.21 W, 345 MHz, 0 %, 0 MiB
2026/09/01 13:41:45.644, 76.17 W, 345 MHz, 0 %, 0 MiB
2026/09/01 13:41:50.644, 76.17 W, 345 MHz, 0 %, 0 MiB
2026/09/01 13:41:55.644, 76.22 W, 345 MHz, 0 %, 0 MiB
2026/09/01 13:42:00.645, 76.24 W, 345 MHz, 0 %, 0 MiB
2026/09/01 13:42:05.645, 76.18 W, 345 MHz, 0 %, 0 MiB
2026/09/01 13:42:10.645, 77.42 W, 345 MHz, 0 %, 4 MiB
2026/09/01 13:42:15.646, 96.39 W, 1980 MHz, 0 %, 527 MiB
2026/09/01 13:42:20.646, 116.92 W, 1980 MHz, 14 %, 21397 MiB
2026/09/01 13:42:25.647, 116.44 W, 1980 MHz, 0 %, 50111 MiB
2026/09/01 13:42:30.647, 115.47 W, 1980 MHz, 0 %, 50111 MiB
2026/09/01 13:42:35.647, 121.19 W, 1980 MHz, 3 %, 102761 MiB
2026/09/01 13:42:40.648, 116.84 W, 1980 MHz, 12 %, 102761 MiB
2026/09/01 13:42:45.648, 115.97 W, 1980 MHz, 0 %, 102761 MiB
2026/09/01 13:42:50.649, 115.52 W, 1980 MHz, 0 %, 100053 MiB
2026/09/01 13:42:55.649, 115.57 W, 1980 MHz, 0 %, 100053 MiB
2026/09/01 13:43:00.650, 115.63 W, 1980 MHz, 0 %, 100053 MiB
2026/09/01 13:43:05.650, 115.58 W, 1980 MHz, 0 %, 100053 MiB
2026/09/01 13:43:10.651, 115.81 W, 1980 MHz, 0 %, 101241 MiB
2026/09/01 13:43:15.651, 115.71 W, 1980 MHz, 0 %, 101241 MiB
2026/09/01 13:43:20.651, 124.73 W, 1980 MHz, 0 %, 101241 MiB
2026/09/01 13:43:25.652, 115.89 W, 1980 MHz, 0 %, 101241 MiB
2026/09/01 13:43:30.652, 115.98 W, 1980 MHz, 0 %, 101241 MiB
2026/09/01 13:43:35.653, 116.09 W, 1980 MHz, 0 %, 101499 MiB
2026/09/01 13:43:40.653, 128.07 W, 1980 MHz, 0 %, 101499 MiB
2026/09/01 13:43:45.653, 116.13 W, 1980 MHz, 0 %, 100937 MiB
2026/09/01 13:43:50.654, 115.89 W, 1980 MHz, 0 %, 101017 MiB
2026/09/01 13:43:55.654, 115.85 W, 1980 MHz, 0 %, 100651 MiB
2026/09/01 13:44:00.655, 116.07 W, 1980 MHz, 0 %, 100651 MiB
2026/09/01 13:44:05.655, 115.77 W, 1980 MHz, 0 %, 100651 MiB
2026/09/01 13:44:10.655, 115.78 W, 1980 MHz, 0 %, 100651 MiB
2026/09/01 13:44:15.656, 116.85 W, 1980 MHz, 0 %, 100655 MiB
2026/09/01 13:44:20.656, 118.33 W, 1980 MHz, 0 %, 109857 MiB
2026/09/01 13:44:25.657, 115.77 W, 1980 MHz, 0 %, 109857 MiB
2026/09/01 13:44:30.657, 115.90 W, 1980 MHz, 0 %, 109865 MiB
2026/09/01 13:44:35.658, 251.21 W, 1980 MHz, 84 %, 110233 MiB
2026/09/01 13:44:40.658, 589.58 W, 1980 MHz, 100 %, 110233 MiB
2026/09/01 13:44:45.659, 610.55 W, 1980 MHz, 100 %, 110233 MiB
2026/09/01 13:44:50.659, 613.65 W, 1980 MHz, 100 %, 110233 MiB
2026/09/01 13:44:55.659, 605.82 W, 1980 MHz, 100 %, 110233 MiB
2026/09/01 13:45:00.660, 587.61 W, 1980 MHz, 100 %, 110233 MiB
2026/09/01 13:45:05.660, 568.15 W, 1980 MHz, 100 %, 110761 MiB
2026/09/01 13:45:10.661, 578.86 W, 1980 MHz, 100 %, 110233 MiB
2026/09/01 13:45:15.661, 579.51 W, 1980 MHz, 100 %, 110233 MiB
2026/09/01 13:45:20.662, 505.83 W, 1980 MHz, 66 %, 110233 MiB
2026/09/01 13:45:25.662, 656.89 W, 1980 MHz, 100 %, 69517 MiB
2026/09/01 13:45:30.662, 666.48 W, 1965 MHz, 100 %, 69517 MiB
2026/09/01 13:45:35.663, 526.81 W, 1965 MHz, 100 %, 73853 MiB
2026/09/01 13:45:40.663, 447.02 W, 1980 MHz, 100 %, 73853 MiB
2026/09/01 13:45:45.664, 534.77 W, 1935 MHz, 100 %, 73853 MiB
2026/09/01 13:45:50.664, 481.39 W, 1980 MHz, 100 %, 73853 MiB
2026/09/01 13:45:55.664, 460.69 W, 1980 MHz, 100 %, 73853 MiB
2026/09/01 13:46:00.665, 547.88 W, 1980 MHz, 100 %, 73853 MiB
2026/09/01 13:46:05.665, 487.61 W, 1980 MHz, 100 %, 73853 MiB
2026/09/01 13:46:10.666, 534.04 W, 1965 MHz, 100 %, 73853 MiB
2026/09/01 13:46:15.666, 492.15 W, 1980 MHz, 100 %, 73853 MiB
2026/09/01 13:46:20.666, 516.26 W, 1905 MHz, 100 %, 73853 MiB
2026/09/01 13:46:25.667, 472.58 W, 1980 MHz, 100 %, 73853 MiB
2026/09/01 13:46:30.667, 507.70 W, 1980 MHz, 100 %, 73853 MiB
2026/09/01 13:46:35.668, 525.78 W, 1980 MHz, 100 %, 73853 MiB
2026/09/01 13:46:40.668, 126.96 W, 1980 MHz, 2 %, 101633 MiB
2026/09/01 13:46:45.669, 608.96 W, 1980 MHz, 100 %, 110753 MiB
2026/09/01 13:46:50.669, 617.42 W, 1980 MHz, 100 %, 110753 MiB
2026/09/01 13:46:55.670, 633.49 W, 1980 MHz, 100 %, 110753 MiB
2026/09/01 13:47:00.670, 630.97 W, 1980 MHz, 100 %, 110753 MiB
2026/09/01 13:47:05.670, 624.85 W, 1980 MHz, 100 %, 110753 MiB
2026/09/01 13:47:10.671, 592.03 W, 1980 MHz, 100 %, 110753 MiB
2026/09/01 13:47:15.671, 585.50 W, 1980 MHz, 100 %, 110753 MiB
2026/09/01 13:47:20.672, 576.34 W, 1980 MHz, 100 %, 110753 MiB
2026/09/01 13:47:25.672, 567.28 W, 1980 MHz, 100 %, 110753 MiB
2026/09/01 13:47:30.672, 661.01 W, 1965 MHz, 100 %, 70147 MiB
2026/09/01 13:47:35.673, 677.82 W, 1980 MHz, 100 %, 70147 MiB
2026/09/01 13:47:40.673, 597.03 W, 1980 MHz, 100 %, 70147 MiB
2026/09/01 13:47:45.673, 509.61 W, 1980 MHz, 100 %, 74415 MiB
2026/09/01 13:47:50.674, 454.68 W, 1980 MHz, 100 %, 74415 MiB
2026/09/01 13:47:55.674, 550.41 W, 1980 MHz, 100 %, 74415 MiB
2026/09/01 13:48:00.675, 506.70 W, 1980 MHz, 100 %, 74415 MiB
2026/09/01 13:48:05.675, 530.81 W, 1980 MHz, 100 %, 74415 MiB
2026/09/01 13:48:10.676, 454.34 W, 1980 MHz, 100 %, 74415 MiB
2026/09/01 13:48:15.676, 547.14 W, 1980 MHz, 100 %, 74415 MiB
2026/09/01 13:48:20.676, 492.76 W, 1980 MHz, 100 %, 74415 MiB
2026/09/01 13:48:25.677, 531.08 W, 1965 MHz, 97 %, 74415 MiB
2026/09/01 13:48:30.677, 499.21 W, 1980 MHz, 100 %, 74415 MiB
2026/09/01 13:48:35.678, 534.92 W, 1980 MHz, 100 %, 74415 MiB
2026/09/01 13:48:40.678, 493.72 W, 1980 MHz, 100 %, 74415 MiB
2026/09/01 13:48:45.679, 413.25 W, 1980 MHz, 16 %, 74415 MiB
2026/09/01 13:48:50.679, 121.67 W, 1980 MHz, 2 %, 0 MiB
2026/09/01 13:48:55.679, 77.19 W, 345 MHz, 0 %, 0 MiB
2026/09/01 13:49:00.680, 76.94 W, 345 MHz, 0 %, 0 MiB
2026/09/01 13:49:05.680, 76.94 W, 345 MHz, 0 %, 0 MiB
2026/09/01 13:49:10.681, 76.70 W, 345 MHz, 0 %, 0 MiB
2026/09/01 13:49:15.681, 76.62 W, 345 MHz, 0 %, 0 MiB
2026/09/01 13:49:20.681, 76.47 W, 345 MHz, 0 %, 0 MiB
2026/09/01 13:49:25.682, 76.37 W, 345 MHz, 0 %, 0 MiB
2026/09/01 13:49:30.682, 76.28 W, 345 MHz, 0 %, 0 MiB
2026/09/01 13:49:35.682, 76.24 W, 345 MHz, 0 %, 0 MiB
2026/09/01 13:49:40.683, 76.19 W, 345 MHz, 0 %, 0 MiB
2026/09/01 13:49:45.683, 76.62 W, 345 MHz, 0 %, 0 MiB
2026/09/01 13:49:50.684, 76.61 W, 345 MHz, 0 %, 4 MiB
2026/09/01 13:49:55.684, 115.79 W, 1980 MHz, 0 %, 527 MiB
2026/09/01 13:50:00.685, 117.25 W, 1980 MHz, 13 %, 26087 MiB
2026/09/01 13:50:05.685, 115.77 W, 1980 MHz, 0 %, 50111 MiB
2026/09/01 13:50:10.686, 115.80 W, 1980 MHz, 0 %, 50111 MiB
2026/09/01 13:50:15.686, 120.47 W, 1980 MHz, 14 %, 102761 MiB
2026/09/01 13:50:20.686, 117.06 W, 1980 MHz, 11 %, 102761 MiB
2026/09/01 13:50:25.687, 116.33 W, 1980 MHz, 0 %, 100053 MiB
2026/09/01 13:50:30.687, 115.82 W, 1980 MHz, 0 %, 100053 MiB
2026/09/01 13:50:35.688, 115.77 W, 1980 MHz, 0 %, 100053 MiB
2026/09/01 13:50:40.688, 115.69 W, 1980 MHz, 0 %, 100053 MiB
2026/09/01 13:50:45.688, 115.73 W, 1980 MHz, 0 %, 100053 MiB
2026/09/01 13:50:50.689, 115.95 W, 1980 MHz, 0 %, 101241 MiB
2026/09/01 13:50:55.689, 116.06 W, 1980 MHz, 0 %, 100651 MiB
2026/09/01 13:51:00.690, 115.93 W, 1980 MHz, 0 %, 100651 MiB
2026/09/01 13:51:05.690, 115.91 W, 1980 MHz, 0 %, 100651 MiB
2026/09/01 13:51:10.690, 115.91 W, 1980 MHz, 0 %, 100651 MiB
2026/09/01 13:51:15.691, 115.80 W, 1980 MHz, 0 %, 100651 MiB
2026/09/01 13:51:20.691, 116.00 W, 1980 MHz, 0 %, 131345 MiB
2026/09/01 13:51:25.692, 115.84 W, 1980 MHz, 0 %, 131345 MiB
2026/09/01 13:51:30.692, 132.63 W, 1980 MHz, 2 %, 101007 MiB
2026/09/01 13:51:35.693, 399.68 W, 1980 MHz, 100 %, 131715 MiB
2026/09/01 13:51:40.693, 541.92 W, 1980 MHz, 100 %, 76083 MiB
2026/09/01 13:51:45.693, 565.86 W, 1980 MHz, 100 %, 76219 MiB
2026/09/01 13:51:50.694, 123.83 W, 1980 MHz, 2 %, 101513 MiB
2026/09/01 13:51:55.696, 564.52 W, 1980 MHz, 100 %, 58411 MiB
2026/09/01 13:52:00.696, 462.73 W, 1980 MHz, 41 %, 101425 MiB
2026/09/01 13:52:05.697, 651.60 W, 1980 MHz, 100 %, 55701 MiB
2026/09/01 13:52:10.697, 585.83 W, 1980 MHz, 100 %, 59725 MiB
2026/09/01 13:52:15.698, 118.91 W, 1980 MHz, 0 %, 60213 MiB
2026/09/01 13:52:20.698, 122.23 W, 1980 MHz, 0 %, 0 MiB
2026/09/01 13:52:25.698, 76.91 W, 345 MHz, 0 %, 0 MiB
2026/09/01 13:52:30.699, 76.70 W, 345 MHz, 0 %, 0 MiB
2026/09/01 13:52:35.699, 76.53 W, 345 MHz, 0 %, 0 MiB
2026/09/01 13:52:40.700, 76.39 W, 345 MHz, 0 %, 0 MiB
2026/09/01 13:52:45.700, 76.38 W, 345 MHz, 0 %, 0 MiB
2026/09/01 13:52:50.700, 76.25 W, 345 MHz, 0 %, 0 MiB
2026/09/01 13:52:55.701, 76.33 W, 345 MHz, 0 %, 4 MiB
2026/09/01 13:53:00.701, 115.88 W, 1980 MHz, 0 %, 527 MiB
2026/09/01 13:53:05.702, 117.30 W, 1980 MHz, 14 %, 28133 MiB
2026/09/01 13:53:10.702, 115.87 W, 1980 MHz, 0 %, 50111 MiB
2026/09/01 13:53:15.702, 115.91 W, 1980 MHz, 0 %, 50111 MiB
2026/09/01 13:53:20.703, 117.85 W, 1980 MHz, 14 %, 102761 MiB
2026/09/01 13:53:25.703, 117.01 W, 1980 MHz, 12 %, 102761 MiB
2026/09/01 13:53:30.704, 116.09 W, 1980 MHz, 0 %, 100053 MiB
2026/09/01 13:53:35.704, 115.66 W, 1980 MHz, 0 %, 100053 MiB
2026/09/01 13:53:40.705, 115.47 W, 1980 MHz, 0 %, 100053 MiB
2026/09/01 13:53:45.705, 115.40 W, 1980 MHz, 0 %, 100053 MiB
2026/09/01 13:53:50.705, 115.47 W, 1980 MHz, 0 %, 100053 MiB
2026/09/01 13:53:55.706, 115.76 W, 1980 MHz, 0 %, 101241 MiB
2026/09/01 13:54:00.706, 115.82 W, 1980 MHz, 0 %, 100651 MiB
2026/09/01 13:54:05.707, 115.72 W, 1980 MHz, 0 %, 100651 MiB
2026/09/01 13:54:10.707, 115.74 W, 1980 MHz, 0 %, 100651 MiB
2026/09/01 13:54:15.707, 115.86 W, 1980 MHz, 0 %, 100651 MiB
2026/09/01 13:54:20.708, 115.85 W, 1980 MHz, 0 %, 100651 MiB
2026/09/01 13:54:25.708, 120.13 W, 1980 MHz, 0 %, 131345 MiB
2026/09/01 13:54:30.709, 115.82 W, 1980 MHz, 0 %, 131345 MiB
2026/09/01 13:54:35.709, 115.85 W, 1980 MHz, 0 %, 131353 MiB
2026/09/01 13:54:40.709, 444.96 W, 1980 MHz, 100 %, 131721 MiB
2026/09/01 13:54:45.710, 594.54 W, 1980 MHz, 100 %, 131721 MiB
2026/09/01 13:54:50.710, 611.54 W, 1980 MHz, 100 %, 131721 MiB
2026/09/01 13:54:55.711, 613.11 W, 1980 MHz, 100 %, 131721 MiB
2026/09/01 13:55:00.711, 612.73 W, 1980 MHz, 100 %, 131721 MiB
2026/09/01 13:55:05.712, 575.92 W, 1980 MHz, 100 %, 131721 MiB
2026/09/01 13:55:10.712, 563.18 W, 1980 MHz, 100 %, 131721 MiB
2026/09/01 13:55:15.712, 571.20 W, 1980 MHz, 100 %, 131721 MiB
2026/09/01 13:55:20.713, 570.38 W, 1980 MHz, 100 %, 131721 MiB
2026/09/01 13:55:25.713, 566.89 W, 1980 MHz, 100 %, 131721 MiB
2026/09/01 13:55:30.714, 682.92 W, 1965 MHz, 100 %, 108269 MiB
2026/09/01 13:55:35.714, 676.58 W, 1965 MHz, 100 %, 108269 MiB
2026/09/01 13:55:40.715, 484.86 W, 1980 MHz, 100 %, 141107 MiB
2026/09/01 13:55:45.715, 520.02 W, 1980 MHz, 100 %, 141225 MiB
2026/09/01 13:55:50.715, 481.91 W, 1965 MHz, 100 %, 141281 MiB
2026/09/01 13:55:55.716, 472.70 W, 1980 MHz, 100 %, 141281 MiB
2026/09/01 13:56:00.716, 543.98 W, 1965 MHz, 100 %, 141281 MiB
2026/09/01 13:56:05.716, 509.33 W, 1965 MHz, 100 %, 141281 MiB
2026/09/01 13:56:10.717, 494.08 W, 1965 MHz, 100 %, 141281 MiB
2026/09/01 13:56:15.717, 590.41 W, 1890 MHz, 100 %, 141281 MiB
2026/09/01 13:56:20.718, 510.05 W, 1980 MHz, 100 %, 141281 MiB
2026/09/01 13:56:25.718, 484.11 W, 1980 MHz, 100 %, 141281 MiB
2026/09/01 13:56:30.718, 629.97 W, 1785 MHz, 100 %, 141281 MiB
2026/09/01 13:56:35.719, 480.17 W, 1980 MHz, 100 %, 141281 MiB
2026/09/01 13:56:40.719, 131.97 W, 1980 MHz, 2 %, 132213 MiB
2026/09/01 13:56:45.726, 606.64 W, 1980 MHz, 100 %, 132213 MiB
2026/09/01 13:56:50.726, 609.90 W, 1980 MHz, 100 %, 132213 MiB
2026/09/01 13:56:55.726, 621.18 W, 1980 MHz, 100 %, 132213 MiB
2026/09/01 13:57:00.727, 624.43 W, 1980 MHz, 100 %, 132213 MiB
2026/09/01 13:57:05.727, 616.93 W, 1980 MHz, 100 %, 132213 MiB
2026/09/01 13:57:10.728, 584.40 W, 1980 MHz, 100 %, 132213 MiB
2026/09/01 13:57:15.728, 580.85 W, 1980 MHz, 100 %, 132213 MiB
2026/09/01 13:57:20.729, 574.26 W, 1980 MHz, 100 %, 132213 MiB
2026/09/01 13:57:25.729, 563.73 W, 1980 MHz, 100 %, 132213 MiB
2026/09/01 13:57:30.730, 679.89 W, 1965 MHz, 100 %, 108711 MiB
2026/09/01 13:57:35.730, 689.51 W, 1665 MHz, 100 %, 108711 MiB
2026/09/01 13:57:40.730, 660.71 W, 1860 MHz, 97 %, 141479 MiB
2026/09/01 13:57:45.731, 498.99 W, 1980 MHz, 100 %, 141561 MiB
2026/09/01 13:57:50.731, 503.72 W, 1980 MHz, 100 %, 141647 MiB
2026/09/01 13:57:55.731, 575.73 W, 1980 MHz, 100 %, 141647 MiB
2026/09/01 13:58:00.732, 495.05 W, 1980 MHz, 100 %, 141647 MiB
2026/09/01 13:58:05.732, 495.25 W, 1980 MHz, 100 %, 141647 MiB
2026/09/01 13:58:10.733, 516.60 W, 1980 MHz, 100 %, 141647 MiB
2026/09/01 13:58:15.733, 484.96 W, 1980 MHz, 100 %, 141647 MiB
2026/09/01 13:58:20.733, 488.21 W, 1980 MHz, 100 %, 141647 MiB
2026/09/01 13:58:25.734, 511.90 W, 1980 MHz, 100 %, 141647 MiB
2026/09/01 13:58:30.734, 576.63 W, 1965 MHz, 100 %, 141647 MiB
2026/09/01 13:58:35.735, 493.75 W, 1980 MHz, 100 %, 141647 MiB
2026/09/01 13:58:40.735, 121.29 W, 1980 MHz, 0 %, 142135 MiB
2026/09/01 13:58:45.736, 93.79 W, 345 MHz, 0 %, 0 MiB
2026/09/01 13:58:50.736, 77.41 W, 345 MHz, 0 %, 0 MiB
2026/09/01 13:58:55.736, 77.24 W, 345 MHz, 0 %, 0 MiB
2026/09/01 13:59:00.737, 77.27 W, 345 MHz, 0 %, 0 MiB
2026/09/01 13:59:05.737, 77.01 W, 345 MHz, 0 %, 0 MiB
2026/09/01 13:59:10.738, 76.93 W, 345 MHz, 0 %, 0 MiB
2026/09/01 13:59:15.738, 76.78 W, 345 MHz, 0 %, 0 MiB
2026/09/01 13:59:20.739, 76.73 W, 345 MHz, 0 %, 0 MiB
2026/09/01 13:59:25.739, 76.65 W, 345 MHz, 0 %, 0 MiB
2026/09/01 13:59:30.739, 76.55 W, 345 MHz, 0 %, 0 MiB
2026/09/01 13:59:35.740, 76.47 W, 345 MHz, 0 %, 0 MiB
2026/09/01 13:59:40.740, 76.43 W, 345 MHz, 0 %, 0 MiB
2026/09/01 13:59:45.741, 76.44 W, 345 MHz, 0 %, 4 MiB
2026/09/01 13:59:50.741, 76.39 W, 345 MHz, 0 %, 4 MiB
2026/09/01 13:59:55.741, 117.26 W, 1980 MHz, 14 %, 11993 MiB
2026/09/01 14:00:00.742, 117.36 W, 1980 MHz, 13 %, 43329 MiB
2026/09/01 14:00:05.742, 120.05 W, 1980 MHz, 0 %, 50639 MiB
2026/09/01 14:00:10.743, 120.09 W, 1980 MHz, 0 %, 50111 MiB
2026/09/01 14:00:15.744, 117.29 W, 1980 MHz, 12 %, 102761 MiB
2026/09/01 14:00:20.744, 117.30 W, 1980 MHz, 12 %, 102761 MiB
2026/09/01 14:00:25.744, 115.95 W, 1980 MHz, 0 %, 100053 MiB
2026/09/01 14:00:30.745, 115.94 W, 1980 MHz, 0 %, 100053 MiB
2026/09/01 14:00:35.745, 115.93 W, 1980 MHz, 0 %, 100053 MiB
2026/09/01 14:00:40.746, 115.92 W, 1980 MHz, 0 %, 100053 MiB
2026/09/01 14:00:45.746, 115.98 W, 1980 MHz, 0 %, 101241 MiB
2026/09/01 14:00:50.747, 116.04 W, 1980 MHz, 0 %, 100871 MiB
2026/09/01 14:00:55.747, 116.00 W, 1980 MHz, 0 %, 100651 MiB
2026/09/01 14:01:00.748, 115.97 W, 1980 MHz, 0 %, 100651 MiB
2026/09/01 14:01:05.748, 115.89 W, 1980 MHz, 0 %, 100651 MiB
2026/09/01 14:01:10.748, 115.88 W, 1980 MHz, 0 %, 100651 MiB
2026/09/01 14:01:15.749, 146.09 W, 1980 MHz, 3 %, 131297 MiB
2026/09/01 14:01:20.749, 115.92 W, 1980 MHz, 0 %, 131345 MiB
2026/09/01 14:01:25.750, 117.92 W, 1980 MHz, 0 %, 131349 MiB
2026/09/01 14:01:30.750, 252.42 W, 1965 MHz, 97 %, 131713 MiB
2026/09/01 14:01:35.750, 117.56 W, 1980 MHz, 3 %, 127133 MiB
2026/09/01 14:01:40.751, 117.13 W, 1980 MHz, 0 %, 113133 MiB
2026/09/01 14:01:45.751, 117.16 W, 1980 MHz, 22 %, 102205 MiB
2026/09/01 14:01:50.752, 116.64 W, 1980 MHz, 13 %, 92859 MiB
2026/09/01 14:01:55.752, 116.74 W, 1980 MHz, 13 %, 83515 MiB
2026/09/01 14:02:00.752, 530.02 W, 1980 MHz, 100 %, 76191 MiB
2026/09/01 14:02:05.753, 548.18 W, 1980 MHz, 100 %, 76327 MiB
2026/09/01 14:02:10.753, 190.20 W, 1890 MHz, 74 %, 132245 MiB
2026/09/01 14:02:15.754, 622.97 W, 1980 MHz, 100 %, 58607 MiB
2026/09/01 14:02:20.754, 164.24 W, 1980 MHz, 95 %, 90681 MiB
2026/09/01 14:02:25.754, 633.77 W, 1980 MHz, 100 %, 59661 MiB
2026/09/01 14:02:30.755, 564.34 W, 1980 MHz, 91 %, 59833 MiB
2026/09/01 14:02:35.755, 119.27 W, 1980 MHz, 0 %, 60321 MiB
2026/09/01 14:02:40.756, 124.41 W, 1980 MHz, 0 %, 0 MiB
2026/09/01 14:02:48.480, 77.22 W, 345 MHz, 0 %, 0 MiB
2026/09/01 14:02:53.480, 77.02 W, 345 MHz, 0 %, 0 MiB
2026/09/01 14:02:58.481, 76.81 W, 345 MHz, 0 %, 0 MiB
2026/09/01 14:03:03.481, 76.76 W, 345 MHz, 0 %, 0 MiB
2026/09/01 14:03:08.481, 76.70 W, 345 MHz, 0 %, 0 MiB
2026/09/01 14:03:13.482, 76.56 W, 345 MHz, 0 %, 0 MiB
2026/09/01 14:03:18.482, 76.50 W, 345 MHz, 0 %, 0 MiB
2026/09/01 14:03:23.483, 76.50 W, 345 MHz, 0 %, 0 MiB
2026/09/01 14:03:28.483, 76.46 W, 345 MHz, 0 %, 0 MiB
2026/09/01 14:03:33.483, 76.42 W, 345 MHz, 0 %, 0 MiB
2026/09/01 14:03:38.484, 76.41 W, 345 MHz, 0 %, 0 MiB
2026/09/01 14:03:43.484, 76.33 W, 345 MHz, 0 %, 0 MiB
2026/09/01 14:03:48.484, 76.31 W, 345 MHz, 0 %, 0 MiB
2026/09/01 14:03:53.485, 76.31 W, 345 MHz, 0 %, 0 MiB
2026/09/01 14:03:58.485, 76.24 W, 345 MHz, 0 %, 0 MiB
2026/09/01 14:04:03.486, 76.21 W, 345 MHz, 0 %, 0 MiB
2026/09/01 14:04:08.486, 76.28 W, 345 MHz, 0 %, 0 MiB
2026/09/01 14:04:13.487, 76.47 W, 345 MHz, 0 %, 0 MiB
2026/09/01 14:04:18.487, 76.53 W, 345 MHz, 0 %, 0 MiB
2026/09/01 14:04:23.487, 76.51 W, 345 MHz, 0 %, 0 MiB
2026/09/01 14:04:28.488, 76.50 W, 345 MHz, 0 %, 0 MiB
2026/09/01 14:04:33.488, 76.51 W, 345 MHz, 0 %, 0 MiB
2026/09/01 14:04:38.489, 76.45 W, 345 MHz, 0 %, 0 MiB
2026/09/01 14:04:43.489, 76.47 W, 345 MHz, 0 %, 0 MiB
2026/09/01 14:04:48.490, 76.49 W, 345 MHz, 0 %, 0 MiB
2026/09/01 14:04:53.490, 76.48 W, 345 MHz, 0 %, 4 MiB
2026/09/01 14:04:58.491, 116.77 W, 1980 MHz, 16 %, 7287 MiB
2026/09/01 14:05:03.491, 116.89 W, 1980 MHz, 14 %, 40203 MiB
2026/09/01 14:05:08.491, 115.47 W, 1980 MHz, 0 %, 50111 MiB
2026/09/01 14:05:13.492, 115.47 W, 1980 MHz, 0 %, 50111 MiB
2026/09/01 14:05:18.492, 117.06 W, 1980 MHz, 12 %, 103261 MiB
2026/09/01 14:05:23.492, 117.04 W, 1980 MHz, 12 %, 103261 MiB
2026/09/01 14:05:28.493, 115.77 W, 1980 MHz, 0 %, 100053 MiB
2026/09/01 14:05:33.493, 115.76 W, 1980 MHz, 0 %, 100053 MiB
2026/09/01 14:05:38.494, 115.79 W, 1980 MHz, 0 %, 100053 MiB
2026/09/01 14:05:43.494, 115.81 W, 1980 MHz, 0 %, 100053 MiB
2026/09/01 14:05:48.495, 115.83 W, 1980 MHz, 0 %, 100053 MiB
2026/09/01 14:05:53.495, 115.96 W, 1980 MHz, 0 %, 101241 MiB
2026/09/01 14:05:58.495, 115.92 W, 1980 MHz, 0 %, 101241 MiB
2026/09/01 14:06:03.496, 126.29 W, 1980 MHz, 0 %, 101241 MiB
2026/09/01 14:06:08.496, 116.01 W, 1980 MHz, 0 %, 101241 MiB
2026/09/01 14:06:13.497, 137.91 W, 1980 MHz, 0 %, 101499 MiB
2026/09/01 14:06:18.497, 116.01 W, 1980 MHz, 0 %, 101499 MiB
2026/09/01 14:06:23.498, 116.00 W, 1980 MHz, 0 %, 101499 MiB
2026/09/01 14:06:28.498, 116.11 W, 1980 MHz, 0 %, 101017 MiB
2026/09/01 14:06:33.498, 118.85 W, 1980 MHz, 0 %, 100651 MiB
2026/09/01 14:06:38.499, 115.99 W, 1980 MHz, 0 %, 100651 MiB
2026/09/01 14:06:43.499, 115.92 W, 1980 MHz, 0 %, 100651 MiB
2026/09/01 14:06:48.500, 116.68 W, 1980 MHz, 0 %, 100651 MiB
2026/09/01 14:06:53.500, 115.82 W, 1980 MHz, 0 %, 100651 MiB
2026/09/01 14:06:58.500, 141.54 W, 1980 MHz, 4 %, 107435 MiB
2026/09/01 14:07:03.501, 115.84 W, 1980 MHz, 0 %, 107147 MiB
2026/09/01 14:07:08.501, 115.80 W, 1980 MHz, 0 %, 107147 MiB
2026/09/01 14:07:13.502, 121.04 W, 1980 MHz, 3 %, 107419 MiB
2026/09/01 14:07:18.502, 590.34 W, 1980 MHz, 100 %, 107497 MiB
2026/09/01 14:07:23.502, 606.79 W, 1980 MHz, 100 %, 107497 MiB
2026/09/01 14:07:28.503, 608.20 W, 1980 MHz, 100 %, 107497 MiB
2026/09/01 14:07:33.503, 601.19 W, 1980 MHz, 100 %, 107499 MiB
2026/09/01 14:07:38.504, 591.52 W, 1980 MHz, 100 %, 107499 MiB
2026/09/01 14:07:43.504, 580.35 W, 1980 MHz, 100 %, 107499 MiB
2026/09/01 14:07:48.504, 582.19 W, 1980 MHz, 100 %, 107499 MiB
2026/09/01 14:07:53.505, 579.59 W, 1980 MHz, 100 %, 107499 MiB
2026/09/01 14:07:58.505, 583.21 W, 1980 MHz, 100 %, 107499 MiB
2026/09/01 14:08:03.506, 571.85 W, 1980 MHz, 100 %, 107499 MiB
2026/09/01 14:08:08.506, 295.83 W, 1980 MHz, 61 %, 115455 MiB
2026/09/01 14:08:13.507, 132.41 W, 1980 MHz, 0 %, 0 MiB
2026/09/01 14:08:18.507, 77.15 W, 345 MHz, 0 %, 0 MiB
2026/09/01 14:08:23.507, 77.39 W, 345 MHz, 0 %, 0 MiB
2026/09/01 14:08:28.508, 77.02 W, 345 MHz, 0 %, 0 MiB
2026/09/01 14:08:33.508, 76.80 W, 345 MHz, 0 %, 0 MiB
2026/09/01 14:08:38.509, 76.65 W, 345 MHz, 0 %, 0 MiB
2026/09/01 14:08:43.509, 76.47 W, 345 MHz, 0 %, 0 MiB
2026/09/01 14:08:48.509, 76.78 W, 345 MHz, 0 %, 0 MiB
2026/09/01 14:08:53.510, 76.77 W, 345 MHz, 0 %, 0 MiB
2026/09/01 14:08:58.510, 76.70 W, 345 MHz, 0 %, 0 MiB
2026/09/01 14:09:03.511, 76.66 W, 345 MHz, 0 %, 0 MiB
2026/09/01 14:09:08.511, 76.62 W, 345 MHz, 0 %, 0 MiB
2026/09/01 14:09:13.511, 76.53 W, 345 MHz, 0 %, 0 MiB
2026/09/01 14:09:18.512, 76.55 W, 345 MHz, 0 %, 0 MiB
2026/09/01 14:09:23.512, 76.49 W, 345 MHz, 0 %, 0 MiB
2026/09/01 14:09:28.513, 76.45 W, 345 MHz, 0 %, 0 MiB
2026/09/01 14:09:33.513, 76.44 W, 345 MHz, 0 %, 0 MiB
2026/09/01 14:09:38.514, 76.48 W, 345 MHz, 0 %, 0 MiB
2026/09/01 14:09:43.514, 76.57 W, 345 MHz, 0 %, 0 MiB
2026/09/01 14:09:48.514, 76.53 W, 345 MHz, 0 %, 0 MiB
2026/09/01 14:09:53.515, 76.50 W, 345 MHz, 0 %, 0 MiB
2026/09/01 14:09:58.515, 76.52 W, 345 MHz, 0 %, 0 MiB
2026/09/01 14:10:03.516, 76.57 W, 345 MHz, 0 %, 0 MiB
2026/09/01 14:10:08.516, 76.54 W, 345 MHz, 0 %, 0 MiB
2026/09/01 14:10:13.517, 76.56 W, 345 MHz, 0 %, 0 MiB
2026/09/01 14:10:18.517, 76.53 W, 345 MHz, 0 %, 0 MiB
2026/09/01 14:10:23.517, 76.52 W, 345 MHz, 0 %, 0 MiB
2026/09/01 14:10:28.518, 76.55 W, 345 MHz, 0 %, 0 MiB
2026/09/01 14:10:33.518, 76.47 W, 345 MHz, 0 %, 0 MiB
2026/09/01 14:10:38.519, 76.42 W, 345 MHz, 0 %, 0 MiB
2026/09/01 14:10:43.519, 76.32 W, 345 MHz, 0 %, 0 MiB
2026/09/01 14:10:48.519, 76.29 W, 345 MHz, 0 %, 0 MiB
2026/09/01 14:10:53.520, 76.25 W, 345 MHz, 0 %, 0 MiB
2026/09/01 14:10:58.520, 76.37 W, 345 MHz, 0 %, 0 MiB
2026/09/01 14:11:03.521, 76.44 W, 345 MHz, 0 %, 4 MiB
2026/09/01 14:11:08.521, 116.39 W, 1980 MHz, 17 %, 5725 MiB
2026/09/01 14:11:13.521, 116.96 W, 1980 MHz, 14 %, 37537 MiB
2026/09/01 14:11:18.522, 115.47 W, 1980 MHz, 0 %, 50111 MiB
2026/09/01 14:11:23.522, 115.51 W, 1980 MHz, 0 %, 50111 MiB
2026/09/01 14:11:28.523, 116.93 W, 1980 MHz, 12 %, 103261 MiB
2026/09/01 14:11:33.523, 116.96 W, 1980 MHz, 12 %, 103261 MiB
2026/09/01 14:11:38.524, 115.65 W, 1980 MHz, 0 %, 100053 MiB
2026/09/01 14:11:43.524, 115.57 W, 1980 MHz, 0 %, 100053 MiB
2026/09/01 14:11:48.524, 115.58 W, 1980 MHz, 0 %, 100053 MiB
2026/09/01 14:11:53.525, 115.63 W, 1980 MHz, 0 %, 100053 MiB
2026/09/01 14:11:58.525, 140.87 W, 1980 MHz, 3 %, 101241 MiB
2026/09/01 14:12:03.526, 115.78 W, 1980 MHz, 0 %, 101241 MiB
2026/09/01 14:12:08.526, 115.79 W, 1980 MHz, 0 %, 101241 MiB
2026/09/01 14:12:13.526, 116.04 W, 1980 MHz, 0 %, 101241 MiB
2026/09/01 14:12:18.527, 115.99 W, 1980 MHz, 0 %, 101241 MiB
2026/09/01 14:12:23.527, 127.52 W, 1980 MHz, 0 %, 101499 MiB
2026/09/01 14:12:28.528, 116.12 W, 1980 MHz, 0 %, 101499 MiB
2026/09/01 14:12:33.528, 116.03 W, 1980 MHz, 0 %, 101499 MiB
2026/09/01 14:12:38.528, 116.09 W, 1980 MHz, 0 %, 101017 MiB
2026/09/01 14:12:43.529, 118.20 W, 1980 MHz, 0 %, 100651 MiB
2026/09/01 14:12:48.529, 116.00 W, 1980 MHz, 0 %, 100651 MiB
2026/09/01 14:12:53.530, 115.99 W, 1980 MHz, 0 %, 100651 MiB
2026/09/01 14:12:58.530, 117.04 W, 1980 MHz, 0 %, 100651 MiB
2026/09/01 14:13:03.530, 115.96 W, 1980 MHz, 0 %, 100651 MiB
2026/09/01 14:13:08.531, 141.18 W, 1980 MHz, 22 %, 107435 MiB
2026/09/01 14:13:13.531, 115.93 W, 1980 MHz, 0 %, 107147 MiB
2026/09/01 14:13:18.532, 115.93 W, 1980 MHz, 0 %, 107147 MiB
2026/09/01 14:13:23.532, 120.93 W, 1980 MHz, 2 %, 107419 MiB
2026/09/01 14:13:28.533, 622.47 W, 1980 MHz, 100 %, 112869 MiB
2026/09/01 14:13:33.533, 519.93 W, 1980 MHz, 100 %, 115347 MiB
2026/09/01 14:13:38.533, 420.52 W, 1980 MHz, 0 %, 115595 MiB
2026/09/01 14:13:43.534, 546.89 W, 1980 MHz, 100 %, 115685 MiB
2026/09/01 14:13:48.534, 395.71 W, 1980 MHz, 0 %, 115685 MiB
2026/09/01 14:13:53.535, 516.42 W, 1980 MHz, 100 %, 115687 MiB
2026/09/01 14:13:58.535, 514.86 W, 1980 MHz, 100 %, 115687 MiB
2026/09/01 14:14:03.535, 119.99 W, 1980 MHz, 0 %, 116173 MiB
2026/09/01 14:14:08.536, 77.26 W, 345 MHz, 0 %, 0 MiB
2026/09/01 14:14:13.536, 76.88 W, 345 MHz, 0 %, 0 MiB
2026/09/01 14:14:18.537, 76.89 W, 345 MHz, 0 %, 0 MiB
2026/09/01 14:14:23.537, 77.10 W, 345 MHz, 0 %, 0 MiB
2026/09/01 14:14:28.538, 76.88 W, 345 MHz, 0 %, 0 MiB
2026/09/01 14:14:33.538, 76.75 W, 345 MHz, 0 %, 4 MiB
2026/09/01 14:14:38.539, 117.78 W, 1980 MHz, 14 %, 9335 MiB
2026/09/01 14:14:43.539, 117.57 W, 1980 MHz, 13 %, 40687 MiB
2026/09/01 14:14:48.539, 116.01 W, 1980 MHz, 0 %, 50111 MiB
2026/09/01 14:14:53.540, 115.97 W, 1980 MHz, 0 %, 50111 MiB
2026/09/01 14:14:58.540, 117.29 W, 1980 MHz, 12 %, 103261 MiB
2026/09/01 14:15:03.541, 117.37 W, 1980 MHz, 12 %, 103261 MiB
2026/09/01 14:15:08.552, 120.09 W, 1980 MHz, 0 %, 100053 MiB
2026/09/01 14:15:13.553, 120.02 W, 1980 MHz, 0 %, 100053 MiB
2026/09/01 14:15:18.553, 120.08 W, 1980 MHz, 0 %, 100053 MiB
2026/09/01 14:15:23.554, 120.04 W, 1980 MHz, 0 %, 100053 MiB
2026/09/01 14:15:28.554, 120.03 W, 1980 MHz, 0 %, 100053 MiB
2026/09/01 14:15:33.555, 115.94 W, 1980 MHz, 0 %, 101241 MiB
2026/09/01 14:15:38.555, 115.83 W, 1980 MHz, 0 %, 101241 MiB
2026/09/01 14:15:43.555, 137.32 W, 1980 MHz, 0 %, 101241 MiB
2026/09/01 14:15:48.556, 147.80 W, 1980 MHz, 0 %, 101241 MiB
2026/09/01 14:15:53.556, 142.14 W, 1980 MHz, 0 %, 101499 MiB
2026/09/01 14:15:58.557, 125.31 W, 1980 MHz, 0 %, 101499 MiB
2026/09/01 14:16:03.557, 115.82 W, 1980 MHz, 0 %, 101499 MiB
2026/09/01 14:16:08.557, 116.05 W, 1980 MHz, 0 %, 101017 MiB
2026/09/01 14:16:13.558, 115.92 W, 1980 MHz, 0 %, 100619 MiB
2026/09/01 14:16:18.558, 115.80 W, 1980 MHz, 0 %, 100651 MiB
2026/09/01 14:16:23.558, 115.92 W, 1980 MHz, 0 %, 100651 MiB
2026/09/01 14:16:28.559, 117.00 W, 1980 MHz, 0 %, 100651 MiB
2026/09/01 14:16:33.559, 115.91 W, 1980 MHz, 0 %, 100651 MiB
2026/09/01 14:16:38.560, 117.65 W, 1980 MHz, 0 %, 128487 MiB
2026/09/01 14:16:43.560, 116.02 W, 1980 MHz, 0 %, 128627 MiB
2026/09/01 14:16:48.561, 115.84 W, 1980 MHz, 0 %, 128627 MiB
2026/09/01 14:16:53.561, 117.02 W, 1980 MHz, 0 %, 128635 MiB
2026/09/01 14:16:58.562, 564.44 W, 1980 MHz, 100 %, 128977 MiB
2026/09/01 14:17:03.562, 589.62 W, 1980 MHz, 100 %, 128977 MiB
2026/09/01 14:17:08.562, 605.30 W, 1980 MHz, 100 %, 128977 MiB
2026/09/01 14:17:13.563, 602.25 W, 1980 MHz, 100 %, 128977 MiB
2026/09/01 14:17:18.563, 577.66 W, 1980 MHz, 100 %, 128977 MiB
2026/09/01 14:17:23.564, 567.22 W, 1980 MHz, 100 %, 128977 MiB
2026/09/01 14:17:28.564, 560.57 W, 1980 MHz, 100 %, 128977 MiB
2026/09/01 14:17:33.564, 564.14 W, 1980 MHz, 100 %, 128977 MiB
2026/09/01 14:17:38.565, 553.22 W, 1980 MHz, 100 %, 128977 MiB
2026/09/01 14:17:43.565, 658.80 W, 1890 MHz, 100 %, 140997 MiB
2026/09/01 14:17:48.565, 77.93 W, 345 MHz, 0 %, 0 MiB
2026/09/01 14:17:53.566, 77.43 W, 345 MHz, 0 %, 0 MiB
2026/09/01 14:17:58.566, 77.05 W, 345 MHz, 0 %, 0 MiB
2026/09/01 14:18:03.567, 77.19 W, 345 MHz, 0 %, 0 MiB
2026/09/01 14:18:08.567, 76.95 W, 345 MHz, 0 %, 0 MiB
2026/09/01 14:18:13.567, 76.79 W, 345 MHz, 0 %, 0 MiB
2026/09/01 14:18:18.568, 76.76 W, 345 MHz, 0 %, 0 MiB
2026/09/01 14:18:23.568, 76.62 W, 345 MHz, 0 %, 0 MiB
2026/09/01 14:18:28.569, 76.61 W, 345 MHz, 0 %, 0 MiB
2026/09/01 14:18:33.569, 76.55 W, 345 MHz, 0 %, 0 MiB
2026/09/01 14:18:38.570, 76.54 W, 345 MHz, 0 %, 0 MiB
2026/09/01 14:18:43.570, 76.46 W, 345 MHz, 0 %, 0 MiB
2026/09/01 14:18:48.571, 76.38 W, 345 MHz, 0 %, 0 MiB
2026/09/01 14:18:53.571, 76.41 W, 345 MHz, 0 %, 0 MiB
2026/09/01 14:18:58.571, 76.38 W, 345 MHz, 0 %, 0 MiB
2026/09/01 14:19:03.572, 76.32 W, 345 MHz, 0 %, 0 MiB
2026/09/01 14:19:08.572, 76.28 W, 345 MHz, 0 %, 0 MiB
2026/09/01 14:19:13.572, 76.26 W, 345 MHz, 0 %, 0 MiB
2026/09/01 14:19:18.573, 76.33 W, 345 MHz, 0 %, 23 MiB
2026/09/01 14:19:23.578, 117.09 W, 1980 MHz, 15 %, 14041 MiB
2026/09/01 14:19:28.579, 117.01 W, 1980 MHz, 13 %, 46455 MiB
2026/09/01 14:19:33.579, 115.53 W, 1980 MHz, 0 %, 50111 MiB
2026/09/01 14:19:38.580, 115.52 W, 1980 MHz, 0 %, 50111 MiB
2026/09/01 14:19:43.580, 116.82 W, 1980 MHz, 12 %, 102761 MiB
2026/09/01 14:19:48.580, 116.87 W, 1980 MHz, 12 %, 102761 MiB
2026/09/01 14:19:53.581, 115.56 W, 1980 MHz, 0 %, 100053 MiB
2026/09/01 14:19:58.581, 115.44 W, 1980 MHz, 0 %, 100053 MiB
2026/09/01 14:20:03.582, 115.46 W, 1980 MHz, 0 %, 100053 MiB
2026/09/01 14:20:08.582, 115.57 W, 1980 MHz, 0 %, 100053 MiB
2026/09/01 14:20:13.583, 115.57 W, 1980 MHz, 0 %, 100289 MiB
2026/09/01 14:20:18.583, 115.74 W, 1980 MHz, 0 %, 101241 MiB
2026/09/01 14:20:23.583, 115.75 W, 1980 MHz, 0 %, 101241 MiB
2026/09/01 14:20:28.584, 115.88 W, 1980 MHz, 0 %, 101241 MiB
2026/09/01 14:20:33.584, 115.94 W, 1980 MHz, 0 %, 101241 MiB
2026/09/01 14:20:38.585, 116.05 W, 1980 MHz, 0 %, 101499 MiB
2026/09/01 14:20:43.585, 115.93 W, 1980 MHz, 0 %, 101499 MiB
2026/09/01 14:20:48.586, 115.87 W, 1980 MHz, 0 %, 101499 MiB
2026/09/01 14:20:53.586, 115.89 W, 1980 MHz, 0 %, 101017 MiB
2026/09/01 14:20:58.586, 118.33 W, 1980 MHz, 0 %, 100651 MiB
2026/09/01 14:21:03.587, 115.84 W, 1980 MHz, 0 %, 100651 MiB
2026/09/01 14:21:08.587, 115.89 W, 1980 MHz, 0 %, 100651 MiB
2026/09/01 14:21:13.588, 115.93 W, 1980 MHz, 0 %, 100651 MiB
2026/09/01 14:21:18.588, 115.88 W, 1980 MHz, 0 %, 100651 MiB
2026/09/01 14:21:23.589, 147.43 W, 1980 MHz, 7 %, 131305 MiB
2026/09/01 14:21:28.589, 115.82 W, 1980 MHz, 0 %, 131327 MiB
2026/09/01 14:21:33.590, 115.85 W, 1980 MHz, 0 %, 131327 MiB
2026/09/01 14:21:38.590, 127.28 W, 1980 MHz, 2 %, 101009 MiB
2026/09/01 14:21:43.590, 585.02 W, 1980 MHz, 100 %, 131703 MiB
2026/09/01 14:21:48.591, 595.01 W, 1980 MHz, 100 %, 131703 MiB
2026/09/01 14:21:53.591, 610.93 W, 1980 MHz, 100 %, 131703 MiB
2026/09/01 14:21:58.592, 602.65 W, 1980 MHz, 100 %, 131703 MiB
2026/09/01 14:22:03.592, 582.13 W, 1980 MHz, 100 %, 131703 MiB
2026/09/01 14:22:08.592, 576.29 W, 1980 MHz, 100 %, 131703 MiB
2026/09/01 14:22:13.593, 577.53 W, 1980 MHz, 100 %, 131703 MiB
2026/09/01 14:22:18.593, 572.30 W, 1980 MHz, 100 %, 131703 MiB
2026/09/01 14:22:23.594, 569.72 W, 1980 MHz, 100 %, 131703 MiB
2026/09/01 14:22:28.594, 574.31 W, 1980 MHz, 100 %, 131703 MiB
2026/09/01 14:22:33.595, 567.71 W, 1980 MHz, 100 %, 131703 MiB
2026/09/01 14:22:38.595, 568.26 W, 1980 MHz, 100 %, 131703 MiB
2026/09/01 14:22:43.595, 574.47 W, 1980 MHz, 100 %, 131703 MiB
2026/09/01 14:22:48.596, 570.83 W, 1980 MHz, 100 %, 131703 MiB
2026/09/01 14:22:53.596, 569.17 W, 1980 MHz, 100 %, 131703 MiB
2026/09/01 14:22:58.596, 564.94 W, 1980 MHz, 100 %, 131703 MiB
2026/09/01 14:23:03.597, 565.36 W, 1980 MHz, 100 %, 131703 MiB
2026/09/01 14:23:08.597, 564.78 W, 1980 MHz, 100 %, 131703 MiB
2026/09/01 14:23:13.598, 121.55 W, 1980 MHz, 23 %, 124015 MiB
2026/09/01 14:23:18.598, 119.64 W, 1980 MHz, 0 %, 110569 MiB
2026/09/01 14:23:23.598, 119.36 W, 1980 MHz, 0 %, 97533 MiB
2026/09/01 14:23:28.599, 118.45 W, 1980 MHz, 0 %, 84121 MiB
2026/09/01 14:23:33.599, 679.67 W, 1950 MHz, 100 %, 132101 MiB
2026/09/01 14:23:38.600, 687.51 W, 1905 MHz, 100 %, 133111 MiB
2026/09/01 14:23:43.600, 122.95 W, 1980 MHz, 0 %, 116641 MiB
2026/09/01 14:23:48.601, 124.32 W, 1980 MHz, 0 %, 0 MiB
2026/09/01 14:23:53.601, 76.53 W, 345 MHz, 0 %, 0 MiB
2026/09/01 14:23:58.601, 76.31 W, 345 MHz, 0 %, 0 MiB
2026/09/01 14:24:03.602, 76.53 W, 345 MHz, 0 %, 0 MiB
2026/09/01 14:24:08.602, 76.41 W, 345 MHz, 0 %, 0 MiB
2026/09/01 14:24:13.603, 76.34 W, 345 MHz, 0 %, 0 MiB
2026/09/01 14:24:18.603, 76.76 W, 345 MHz, 0 %, 0 MiB
2026/09/01 14:24:23.604, 76.70 W, 345 MHz, 0 %, 0 MiB
2026/09/01 14:24:28.604, 76.62 W, 345 MHz, 0 %, 0 MiB
2026/09/01 14:24:33.604, 76.68 W, 345 MHz, 0 %, 0 MiB
2026/09/01 14:24:38.605, 76.62 W, 345 MHz, 0 %, 0 MiB
2026/09/01 14:24:43.605, 76.58 W, 345 MHz, 0 %, 0 MiB
2026/09/01 14:24:48.605, 76.52 W, 345 MHz, 0 %, 0 MiB
2026/09/01 14:24:53.606, 112.41 W, 1980 MHz, 0 %, 527 MiB
2026/09/01 14:24:58.606, 117.17 W, 1980 MHz, 14 %, 22961 MiB
2026/09/01 14:25:03.607, 116.31 W, 1980 MHz, 0 %, 50111 MiB
2026/09/01 14:25:08.607, 115.71 W, 1980 MHz, 0 %, 50111 MiB
2026/09/01 14:25:13.607, 122.05 W, 1980 MHz, 3 %, 102761 MiB
2026/09/01 14:25:18.608, 117.06 W, 1980 MHz, 12 %, 102761 MiB
2026/09/01 14:25:23.608, 116.17 W, 1980 MHz, 0 %, 102761 MiB
2026/09/01 14:25:28.609, 115.71 W, 1980 MHz, 0 %, 100053 MiB
2026/09/01 14:25:33.609, 115.76 W, 1980 MHz, 0 %, 100053 MiB
2026/09/01 14:25:38.609, 115.72 W, 1980 MHz, 0 %, 100053 MiB
2026/09/01 14:25:43.610, 115.78 W, 1980 MHz, 0 %, 100053 MiB
2026/09/01 14:25:48.610, 191.26 W, 1980 MHz, 0 %, 101241 MiB
2026/09/01 14:25:53.611, 115.84 W, 1980 MHz, 0 %, 101241 MiB
2026/09/01 14:25:58.611, 117.19 W, 1980 MHz, 0 %, 101241 MiB
2026/09/01 14:26:03.611, 139.25 W, 1980 MHz, 50 %, 101241 MiB
2026/09/01 14:26:08.612, 115.97 W, 1980 MHz, 0 %, 101241 MiB
2026/09/01 14:26:13.612, 116.01 W, 1980 MHz, 0 %, 101499 MiB
2026/09/01 14:26:18.613, 115.92 W, 1980 MHz, 0 %, 101499 MiB
2026/09/01 14:26:23.613, 115.87 W, 1980 MHz, 0 %, 101499 MiB
2026/09/01 14:26:28.613, 115.95 W, 1980 MHz, 0 %, 101017 MiB
2026/09/01 14:26:33.614, 118.35 W, 1980 MHz, 0 %, 100651 MiB
2026/09/01 14:26:38.616, 115.85 W, 1980 MHz, 0 %, 100651 MiB
2026/09/01 14:26:43.616, 115.90 W, 1980 MHz, 0 %, 100651 MiB
2026/09/01 14:26:48.616, 115.99 W, 1980 MHz, 0 %, 100651 MiB
2026/09/01 14:26:53.617, 115.94 W, 1980 MHz, 0 %, 100651 MiB
2026/09/01 14:26:58.617, 145.07 W, 1980 MHz, 0 %, 131599 MiB
2026/09/01 14:27:03.618, 115.89 W, 1980 MHz, 0 %, 131327 MiB
2026/09/01 14:27:08.618, 115.82 W, 1980 MHz, 0 %, 131327 MiB
2026/09/01 14:27:13.619, 132.49 W, 1980 MHz, 3 %, 101009 MiB
2026/09/01 14:27:18.619, 578.55 W, 1980 MHz, 98 %, 131703 MiB
2026/09/01 14:27:23.620, 602.34 W, 1980 MHz, 100 %, 131703 MiB
2026/09/01 14:27:28.620, 615.44 W, 1980 MHz, 100 %, 131703 MiB
2026/09/01 14:27:33.620, 605.08 W, 1980 MHz, 100 %, 131703 MiB
2026/09/01 14:27:38.621, 603.68 W, 1980 MHz, 100 %, 131703 MiB
2026/09/01 14:27:43.621, 583.45 W, 1980 MHz, 100 %, 131703 MiB
2026/09/01 14:27:48.622, 575.16 W, 1980 MHz, 100 %, 131703 MiB
2026/09/01 14:27:53.622, 572.37 W, 1980 MHz, 100 %, 131703 MiB
2026/09/01 14:27:58.623, 571.38 W, 1980 MHz, 100 %, 131703 MiB
2026/09/01 14:28:03.623, 571.28 W, 1980 MHz, 100 %, 131703 MiB
2026/09/01 14:28:08.623, 570.55 W, 1980 MHz, 100 %, 131703 MiB
2026/09/01 14:28:13.624, 573.18 W, 1980 MHz, 100 %, 131703 MiB
2026/09/01 14:28:18.624, 575.16 W, 1980 MHz, 100 %, 131703 MiB
2026/09/01 14:28:23.625, 574.15 W, 1980 MHz, 100 %, 131703 MiB
2026/09/01 14:28:28.625, 119.69 W, 1980 MHz, 0 %, 123049 MiB
2026/09/01 14:28:33.625, 118.94 W, 1980 MHz, 0 %, 110085 MiB
2026/09/01 14:28:38.626, 118.41 W, 1980 MHz, 3 %, 97533 MiB
2026/09/01 14:28:43.626, 118.04 W, 1980 MHz, 14 %, 85087 MiB
2026/09/01 14:28:48.626, 673.79 W, 1965 MHz, 100 %, 93751 MiB
2026/09/01 14:28:53.627, 679.12 W, 1965 MHz, 100 %, 93751 MiB
2026/09/01 14:28:58.627, 678.16 W, 1965 MHz, 100 %, 93751 MiB
2026/09/01 14:29:03.628, 528.56 W, 1890 MHz, 100 %, 93751 MiB
2026/09/01 14:29:08.628, 459.73 W, 1965 MHz, 100 %, 124615 MiB
2026/09/01 14:29:13.628, 456.59 W, 1980 MHz, 100 %, 124711 MiB
2026/09/01 14:29:18.629, 456.70 W, 1965 MHz, 100 %, 124711 MiB
2026/09/01 14:29:23.629, 691.44 W, 1485 MHz, 100 %, 124711 MiB
2026/09/01 14:29:28.630, 462.73 W, 1980 MHz, 100 %, 124711 MiB
2026/09/01 14:29:33.630, 463.36 W, 1965 MHz, 100 %, 124711 MiB
2026/09/01 14:29:38.631, 463.47 W, 1980 MHz, 100 %, 124711 MiB
2026/09/01 14:29:43.631, 596.52 W, 1965 MHz, 100 %, 124711 MiB
2026/09/01 14:29:48.631, 460.94 W, 1980 MHz, 100 %, 124711 MiB
2026/09/01 14:29:53.632, 465.86 W, 1980 MHz, 100 %, 124711 MiB
2026/09/01 14:29:58.632, 467.94 W, 1965 MHz, 100 %, 124711 MiB
2026/09/01 14:30:03.633, 486.69 W, 1980 MHz, 100 %, 124711 MiB
2026/09/01 14:30:08.633, 578.16 W, 1965 MHz, 100 %, 124711 MiB
2026/09/01 14:30:13.633, 461.06 W, 1965 MHz, 100 %, 124711 MiB
2026/09/01 14:30:18.634, 459.57 W, 1980 MHz, 100 %, 124711 MiB
2026/09/01 14:30:23.634, 495.24 W, 1965 MHz, 100 %, 124711 MiB
2026/09/01 14:30:28.635, 689.86 W, 1845 MHz, 100 %, 124711 MiB
2026/09/01 14:30:33.635, 465.41 W, 1980 MHz, 100 %, 124711 MiB
2026/09/01 14:30:38.635, 470.57 W, 1965 MHz, 100 %, 124711 MiB
2026/09/01 14:30:43.636, 475.07 W, 1980 MHz, 100 %, 124711 MiB
2026/09/01 14:30:48.636, 133.20 W, 1980 MHz, 94 %, 101757 MiB
2026/09/01 14:30:53.637, 604.01 W, 1980 MHz, 100 %, 132347 MiB
2026/09/01 14:30:58.637, 627.84 W, 1980 MHz, 100 %, 132347 MiB
2026/09/01 14:31:03.637, 638.99 W, 1980 MHz, 100 %, 132347 MiB
2026/09/01 14:31:08.638, 640.81 W, 1980 MHz, 100 %, 132347 MiB
2026/09/01 14:31:13.638, 634.26 W, 1980 MHz, 100 %, 132347 MiB
2026/09/01 14:31:18.639, 601.04 W, 1980 MHz, 100 %, 132347 MiB
2026/09/01 14:31:23.639, 594.13 W, 1980 MHz, 100 %, 132347 MiB
2026/09/01 14:31:28.640, 587.87 W, 1980 MHz, 100 %, 132347 MiB
2026/09/01 14:31:33.640, 578.49 W, 1980 MHz, 100 %, 132347 MiB
2026/09/01 14:31:38.640, 570.45 W, 1980 MHz, 100 %, 132347 MiB
2026/09/01 14:31:43.642, 529.65 W, 1980 MHz, 100 %, 132347 MiB
2026/09/01 14:31:48.643, 524.62 W, 1980 MHz, 100 %, 132347 MiB
2026/09/01 14:31:53.643, 137.00 W, 1980 MHz, 75 %, 53293 MiB
2026/09/01 14:31:58.644, 689.06 W, 1950 MHz, 100 %, 94181 MiB
2026/09/01 14:32:03.644, 690.01 W, 1950 MHz, 100 %, 94181 MiB
2026/09/01 14:32:08.644, 690.94 W, 1950 MHz, 100 %, 94181 MiB
2026/09/01 14:32:13.645, 486.73 W, 1905 MHz, 100 %, 124901 MiB
2026/09/01 14:32:18.645, 652.16 W, 1965 MHz, 100 %, 125071 MiB
2026/09/01 14:32:23.646, 469.29 W, 1980 MHz, 100 %, 125071 MiB
2026/09/01 14:32:28.646, 480.07 W, 1965 MHz, 100 %, 125071 MiB
2026/09/01 14:32:33.646, 467.48 W, 1980 MHz, 100 %, 125071 MiB
2026/09/01 14:32:38.647, 582.37 W, 1965 MHz, 100 %, 125071 MiB
2026/09/01 14:32:43.647, 505.37 W, 1830 MHz, 100 %, 125071 MiB
2026/09/01 14:32:48.647, 486.33 W, 1980 MHz, 100 %, 125071 MiB
2026/09/01 14:32:53.648, 483.88 W, 1980 MHz, 100 %, 125071 MiB
2026/09/01 14:32:58.648, 494.61 W, 1950 MHz, 100 %, 125071 MiB
2026/09/01 14:33:03.649, 657.56 W, 1965 MHz, 100 %, 125071 MiB
2026/09/01 14:33:08.649, 467.63 W, 1980 MHz, 100 %, 125071 MiB
2026/09/01 14:33:13.650, 482.76 W, 1965 MHz, 100 %, 125071 MiB
2026/09/01 14:33:18.650, 470.41 W, 1980 MHz, 100 %, 125071 MiB
2026/09/01 14:33:23.651, 590.57 W, 1980 MHz, 100 %, 125071 MiB
2026/09/01 14:33:28.651, 532.29 W, 1950 MHz, 100 %, 125071 MiB
2026/09/01 14:33:33.651, 480.96 W, 1980 MHz, 100 %, 125071 MiB
2026/09/01 14:33:38.652, 472.88 W, 1980 MHz, 100 %, 125071 MiB
2026/09/01 14:33:43.652, 487.69 W, 1950 MHz, 100 %, 125071 MiB
2026/09/01 14:33:48.653, 683.23 W, 1965 MHz, 100 %, 125071 MiB
2026/09/01 14:33:53.653, 496.25 W, 1980 MHz, 100 %, 125071 MiB
2026/09/01 14:33:58.653, 120.66 W, 1980 MHz, 0 %, 125559 MiB
2026/09/01 14:34:03.654, 123.45 W, 1980 MHz, 0 %, 125169 MiB
2026/09/01 14:34:08.654, 123.98 W, 1980 MHz, 0 %, 0 MiB
2026/09/01 14:34:13.654, 76.94 W, 345 MHz, 0 %, 0 MiB
2026/09/01 14:34:18.655, 76.85 W, 345 MHz, 0 %, 0 MiB
2026/09/01 14:34:23.655, 76.64 W, 345 MHz, 0 %, 0 MiB
2026/09/01 14:34:28.656, 76.53 W, 345 MHz, 0 %, 0 MiB
2026/09/01 14:34:33.656, 76.42 W, 345 MHz, 0 %, 0 MiB
2026/09/01 14:34:38.656, 76.34 W, 345 MHz, 0 %, 4 MiB
2026/09/01 14:34:43.719, 116.08 W, 1980 MHz, 0 %, 527 MiB
2026/09/01 14:34:48.720, 117.61 W, 1980 MHz, 14 %, 27649 MiB
2026/09/01 14:34:53.720, 116.16 W, 1980 MHz, 0 %, 50111 MiB
2026/09/01 14:34:58.721, 116.12 W, 1980 MHz, 0 %, 50111 MiB
2026/09/01 14:35:03.721, 117.68 W, 1980 MHz, 12 %, 102761 MiB
2026/09/01 14:35:08.722, 117.40 W, 1980 MHz, 12 %, 102761 MiB
2026/09/01 14:35:13.722, 116.21 W, 1980 MHz, 0 %, 100053 MiB
2026/09/01 14:35:18.722, 115.94 W, 1980 MHz, 0 %, 100053 MiB
2026/09/01 14:35:23.723, 115.91 W, 1980 MHz, 0 %, 100053 MiB
2026/09/01 14:35:28.723, 115.85 W, 1980 MHz, 0 %, 100053 MiB
2026/09/01 14:35:33.724, 115.85 W, 1980 MHz, 0 %, 100287 MiB
2026/09/01 14:35:38.724, 124.14 W, 1980 MHz, 3 %, 100935 MiB
2026/09/01 14:35:43.724, 116.07 W, 1980 MHz, 0 %, 100651 MiB
2026/09/01 14:35:48.725, 116.16 W, 1980 MHz, 0 %, 100651 MiB
2026/09/01 14:35:53.725, 116.86 W, 1980 MHz, 4 %, 100651 MiB
2026/09/01 14:35:58.726, 116.04 W, 1980 MHz, 0 %, 100651 MiB
2026/09/01 14:36:03.726, 147.92 W, 1980 MHz, 11 %, 131301 MiB
2026/09/01 14:36:08.726, 116.05 W, 1980 MHz, 0 %, 131345 MiB
2026/09/01 14:36:13.727, 117.55 W, 1980 MHz, 0 %, 131349 MiB
2026/09/01 14:36:18.727, 121.65 W, 1980 MHz, 3 %, 101007 MiB
2026/09/01 14:36:23.728, 582.56 W, 1980 MHz, 100 %, 131721 MiB
2026/09/01 14:36:28.728, 607.24 W, 1980 MHz, 100 %, 131721 MiB
2026/09/01 14:36:33.728, 616.43 W, 1980 MHz, 100 %, 131721 MiB
2026/09/01 14:36:38.729, 579.09 W, 1980 MHz, 100 %, 131721 MiB
2026/09/01 14:36:43.729, 578.55 W, 1980 MHz, 100 %, 131721 MiB
2026/09/01 14:36:48.730, 566.63 W, 1980 MHz, 100 %, 131721 MiB
2026/09/01 14:36:53.730, 561.44 W, 1980 MHz, 100 %, 131721 MiB
2026/09/01 14:36:58.730, 558.24 W, 1980 MHz, 100 %, 131721 MiB
2026/09/01 14:37:03.731, 556.38 W, 1980 MHz, 100 %, 131721 MiB
2026/09/01 14:37:08.731, 544.73 W, 1980 MHz, 100 %, 131721 MiB
2026/09/01 14:37:13.732, 546.72 W, 1980 MHz, 100 %, 131721 MiB
2026/09/01 14:37:18.732, 550.91 W, 1980 MHz, 100 %, 131721 MiB
2026/09/01 14:37:23.732, 547.57 W, 1980 MHz, 100 %, 131721 MiB
2026/09/01 14:37:28.733, 122.12 W, 1980 MHz, 0 %, 125585 MiB
2026/09/01 14:37:33.733, 120.07 W, 1980 MHz, 23 %, 115275 MiB
2026/09/01 14:37:38.734, 119.63 W, 1980 MHz, 22 %, 105931 MiB
2026/09/01 14:37:43.734, 119.24 W, 1980 MHz, 0 %, 94449 MiB
2026/09/01 14:37:48.734, 292.32 W, 1980 MHz, 100 %, 62497 MiB
2026/09/01 14:37:53.735, 675.18 W, 1965 MHz, 100 %, 136293 MiB
2026/09/01 14:37:58.735, 685.38 W, 1950 MHz, 100 %, 136293 MiB
2026/09/01 14:38:03.735, 688.26 W, 1965 MHz, 100 %, 136293 MiB
2026/09/01 14:38:08.736, 353.82 W, 1980 MHz, 0 %, 133765 MiB
2026/09/01 14:38:13.736, 124.12 W, 1980 MHz, 0 %, 0 MiB
2026/09/01 14:38:20.969, 77.20 W, 345 MHz, 0 %, 0 MiB
2026/09/01 14:38:25.969, 76.90 W, 345 MHz, 0 %, 0 MiB
2026/09/01 14:38:30.970, 76.96 W, 345 MHz, 0 %, 0 MiB
2026/09/01 14:38:35.970, 76.78 W, 345 MHz, 0 %, 0 MiB
2026/09/01 14:38:40.971, 76.60 W, 345 MHz, 0 %, 0 MiB
2026/09/01 14:38:45.971, 76.56 W, 345 MHz, 0 %, 0 MiB
2026/09/01 14:38:50.972, 76.46 W, 345 MHz, 0 %, 0 MiB
2026/09/01 14:38:55.972, 76.73 W, 345 MHz, 0 %, 0 MiB
2026/09/01 14:39:00.973, 76.81 W, 345 MHz, 0 %, 0 MiB
2026/09/01 14:39:05.973, 76.76 W, 345 MHz, 0 %, 0 MiB
2026/09/01 14:39:10.974, 76.69 W, 345 MHz, 0 %, 0 MiB
2026/09/01 14:39:15.974, 76.67 W, 345 MHz, 0 %, 0 MiB
2026/09/01 14:39:20.975, 76.65 W, 345 MHz, 0 %, 0 MiB
2026/09/01 14:39:25.975, 76.63 W, 345 MHz, 0 %, 0 MiB
2026/09/01 14:39:30.975, 76.59 W, 345 MHz, 0 %, 0 MiB
2026/09/01 14:39:35.976, 76.53 W, 345 MHz, 0 %, 0 MiB
2026/09/01 14:39:40.976, 76.46 W, 345 MHz, 0 %, 0 MiB
2026/09/01 14:39:45.977, 76.49 W, 345 MHz, 0 %, 4 MiB
2026/09/01 14:39:50.977, 116.30 W, 1980 MHz, 15 %, 4161 MiB
2026/09/01 14:39:55.977, 117.23 W, 1980 MHz, 14 %, 37053 MiB
2026/09/01 14:40:00.978, 115.78 W, 1980 MHz, 0 %, 50111 MiB
2026/09/01 14:40:05.978, 115.76 W, 1980 MHz, 0 %, 50111 MiB
2026/09/01 14:40:10.978, 117.27 W, 1980 MHz, 12 %, 102761 MiB
2026/09/01 14:40:15.979, 117.23 W, 1980 MHz, 12 %, 102761 MiB
2026/09/01 14:40:20.979, 115.85 W, 1980 MHz, 0 %, 100053 MiB
2026/09/01 14:40:25.980, 115.82 W, 1980 MHz, 0 %, 100053 MiB
2026/09/01 14:40:30.980, 115.82 W, 1980 MHz, 0 %, 100053 MiB
2026/09/01 14:40:35.981, 115.81 W, 1980 MHz, 0 %, 100053 MiB
2026/09/01 14:40:40.981, 188.87 W, 1980 MHz, 0 %, 101241 MiB
2026/09/01 14:40:45.982, 179.26 W, 1980 MHz, 0 %, 101017 MiB
2026/09/01 14:40:50.982, 116.00 W, 1980 MHz, 0 %, 100651 MiB
2026/09/01 14:40:55.982, 116.00 W, 1980 MHz, 0 %, 100651 MiB
2026/09/01 14:41:00.983, 116.93 W, 1980 MHz, 0 %, 100651 MiB
2026/09/01 14:41:05.983, 115.97 W, 1980 MHz, 0 %, 100651 MiB
2026/09/01 14:41:10.984, 152.54 W, 1980 MHz, 9 %, 131313 MiB
2026/09/01 14:41:15.984, 115.90 W, 1980 MHz, 0 %, 131345 MiB
2026/09/01 14:41:20.985, 117.57 W, 1980 MHz, 0 %, 131353 MiB
2026/09/01 14:41:25.985, 120.94 W, 1980 MHz, 3 %, 101007 MiB
2026/09/01 14:41:30.985, 588.26 W, 1980 MHz, 100 %, 131721 MiB
2026/09/01 14:41:35.986, 605.78 W, 1980 MHz, 100 %, 131721 MiB
2026/09/01 14:41:40.986, 615.52 W, 1980 MHz, 100 %, 131721 MiB
2026/09/01 14:41:45.986, 603.58 W, 1980 MHz, 100 %, 131721 MiB
2026/09/01 14:41:50.987, 574.24 W, 1980 MHz, 100 %, 131721 MiB
2026/09/01 14:41:55.987, 574.21 W, 1980 MHz, 100 %, 131721 MiB
2026/09/01 14:42:00.987, 566.55 W, 1980 MHz, 100 %, 131721 MiB
2026/09/01 14:42:05.988, 564.43 W, 1980 MHz, 100 %, 131721 MiB
2026/09/01 14:42:10.988, 563.10 W, 1980 MHz, 100 %, 131721 MiB
2026/09/01 14:42:15.989, 564.09 W, 1980 MHz, 100 %, 131721 MiB
2026/09/01 14:42:20.989, 566.33 W, 1980 MHz, 100 %, 131721 MiB
2026/09/01 14:42:25.990, 554.60 W, 1980 MHz, 100 %, 131721 MiB
2026/09/01 14:42:30.990, 558.24 W, 1980 MHz, 100 %, 131721 MiB
2026/09/01 14:42:35.990, 556.12 W, 1980 MHz, 100 %, 131721 MiB
2026/09/01 14:42:40.991, 558.67 W, 1980 MHz, 100 %, 131721 MiB
2026/09/01 14:42:45.991, 556.68 W, 1980 MHz, 100 %, 131721 MiB
2026/09/01 14:42:50.992, 552.51 W, 1980 MHz, 100 %, 131721 MiB
2026/09/01 14:42:55.992, 545.69 W, 1980 MHz, 100 %, 131721 MiB
2026/09/01 14:43:00.993, 121.53 W, 1980 MHz, 0 %, 120897 MiB
2026/09/01 14:43:05.993, 120.02 W, 1980 MHz, 21 %, 106955 MiB
2026/09/01 14:43:10.993, 119.31 W, 1980 MHz, 0 %, 93483 MiB
2026/09/01 14:43:15.994, 399.38 W, 1965 MHz, 98 %, 58965 MiB
2026/09/01 14:43:20.994, 679.95 W, 1965 MHz, 100 %, 108165 MiB
2026/09/01 14:43:25.995, 686.69 W, 1965 MHz, 100 %, 108165 MiB
2026/09/01 14:43:30.995, 683.23 W, 1965 MHz, 100 %, 108165 MiB
2026/09/01 14:43:35.995, 683.21 W, 1725 MHz, 100 %, 108165 MiB
2026/09/01 14:43:40.996, 546.85 W, 1965 MHz, 32 %, 108165 MiB
2026/09/01 14:43:45.996, 472.21 W, 1980 MHz, 100 %, 129453 MiB
2026/09/01 14:43:50.997, 447.81 W, 1980 MHz, 100 %, 129549 MiB
2026/09/01 14:43:55.997, 124.81 W, 1980 MHz, 0 %, 129547 MiB
2026/09/01 14:44:00.998, 128.25 W, 1980 MHz, 100 %, 0 MiB
2026/09/01 14:44:05.998, 77.21 W, 345 MHz, 0 %, 0 MiB
2026/09/01 14:44:10.998, 76.79 W, 345 MHz, 0 %, 0 MiB
2026/09/01 14:44:15.999, 76.92 W, 345 MHz, 0 %, 0 MiB
2026/09/01 14:44:20.999, 76.74 W, 345 MHz, 0 %, 0 MiB
2026/09/01 14:44:26.000, 76.64 W, 345 MHz, 0 %, 0 MiB
2026/09/01 14:44:31.000, 76.51 W, 345 MHz, 0 %, 0 MiB
2026/09/01 14:44:36.001, 76.81 W, 345 MHz, 0 %, 0 MiB
2026/09/01 14:44:41.001, 76.74 W, 345 MHz, 0 %, 0 MiB
2026/09/01 14:44:46.001, 76.67 W, 345 MHz, 0 %, 0 MiB
2026/09/01 14:44:51.002, 76.80 W, 345 MHz, 0 %, 0 MiB
2026/09/01 14:44:56.002, 76.76 W, 345 MHz, 0 %, 0 MiB
2026/09/01 14:45:01.003, 76.70 W, 345 MHz, 0 %, 0 MiB
2026/09/01 14:45:06.003, 76.74 W, 345 MHz, 0 %, 4 MiB
2026/09/01 14:45:11.006, 76.78 W, 345 MHz, 0 %, 0 MiB
2026/09/01 14:45:16.006, 76.68 W, 345 MHz, 0 %, 0 MiB
2026/09/01 14:45:21.007, 76.63 W, 345 MHz, 0 %, 0 MiB
2026/09/01 14:45:26.007, 76.61 W, 345 MHz, 0 %, 0 MiB
2026/09/01 14:45:31.007, 76.62 W, 345 MHz, 0 %, 0 MiB
2026/09/01 14:45:36.008, 76.61 W, 345 MHz, 0 %, 0 MiB
2026/09/01 14:45:41.008, 76.59 W, 345 MHz, 0 %, 0 MiB
2026/09/01 14:45:46.008, 76.55 W, 345 MHz, 0 %, 0 MiB
2026/09/01 14:45:51.009, 76.53 W, 345 MHz, 0 %, 0 MiB
2026/09/01 14:45:56.009, 76.53 W, 345 MHz, 0 %, 0 MiB
2026/09/01 14:46:01.010, 76.55 W, 345 MHz, 0 %, 0 MiB
2026/09/01 14:46:06.010, 76.50 W, 345 MHz, 0 %, 0 MiB
2026/09/01 14:46:11.010, 76.58 W, 345 MHz, 0 %, 0 MiB
2026/09/01 14:46:16.011, 76.53 W, 345 MHz, 0 %, 0 MiB
2026/09/01 14:46:21.011, 76.60 W, 345 MHz, 0 %, 0 MiB
2026/09/01 14:46:26.012, 76.54 W, 345 MHz, 0 %, 0 MiB
2026/09/01 14:46:31.012, 76.56 W, 345 MHz, 0 %, 0 MiB
2026/09/01 14:46:36.013, 76.56 W, 345 MHz, 0 %, 0 MiB
2026/09/01 14:46:41.013, 76.51 W, 345 MHz, 0 %, 0 MiB
2026/09/01 14:46:46.014, 76.53 W, 345 MHz, 0 %, 0 MiB
2026/09/01 14:46:51.014, 76.50 W, 345 MHz, 0 %, 0 MiB
2026/09/01 14:46:56.015, 76.48 W, 345 MHz, 0 %, 0 MiB
2026/09/01 14:47:01.015, 76.48 W, 345 MHz, 0 %, 0 MiB
2026/09/01 14:47:06.015, 76.52 W, 345 MHz, 0 %, 0 MiB
2026/09/01 14:47:11.016, 76.54 W, 345 MHz, 0 %, 0 MiB
2026/09/01 14:47:16.016, 76.53 W, 345 MHz, 0 %, 0 MiB
2026/09/01 14:47:21.016, 76.55 W, 345 MHz, 0 %, 0 MiB
2026/09/01 14:47:26.017, 76.55 W, 345 MHz, 0 %, 0 MiB
2026/09/01 14:47:31.017, 76.56 W, 345 MHz, 0 %, 0 MiB
2026/09/01 14:47:36.017, 76.51 W, 345 MHz, 0 %, 0 MiB
2026/09/01 14:47:41.018, 76.55 W, 345 MHz, 0 %, 0 MiB
2026/09/01 14:47:46.018, 76.53 W, 345 MHz, 0 %, 0 MiB
2026/09/01 14:47:51.019, 76.55 W, 345 MHz, 0 %, 0 MiB
2026/09/01 14:47:56.019, 76.56 W, 345 MHz, 0 %, 0 MiB
2026/09/01 14:48:01.020, 76.52 W, 345 MHz, 0 %, 0 MiB
2026/09/01 14:48:06.020, 76.53 W, 345 MHz, 0 %, 0 MiB
2026/09/01 14:48:11.020, 76.55 W, 345 MHz, 0 %, 0 MiB
2026/09/01 14:48:16.021, 76.52 W, 345 MHz, 0 %, 0 MiB
2026/09/01 14:48:21.021, 76.51 W, 345 MHz, 0 %, 0 MiB
2026/09/01 14:48:26.022, 76.58 W, 345 MHz, 0 %, 0 MiB
2026/09/01 14:48:31.022, 76.58 W, 345 MHz, 0 %, 0 MiB
2026/09/01 14:48:36.023, 76.55 W, 345 MHz, 0 %, 0 MiB
2026/09/01 14:48:41.023, 76.55 W, 345 MHz, 0 %, 0 MiB
2026/09/01 14:48:46.024, 76.57 W, 345 MHz, 0 %, 0 MiB
2026/09/01 14:48:51.024, 76.51 W, 345 MHz, 0 %, 0 MiB
2026/09/01 14:48:56.024, 76.53 W, 345 MHz, 0 %, 0 MiB
2026/09/01 14:49:01.025, 76.54 W, 345 MHz, 0 %, 0 MiB
2026/09/01 14:49:06.025, 76.55 W, 345 MHz, 0 %, 0 MiB
2026/09/01 14:49:11.025, 76.51 W, 345 MHz, 0 %, 0 MiB
2026/09/01 14:49:16.026, 76.45 W, 345 MHz, 0 %, 0 MiB
2026/09/01 14:49:21.026, 76.46 W, 345 MHz, 0 %, 0 MiB
2026/09/01 14:49:26.027, 76.43 W, 345 MHz, 0 %, 0 MiB
2026/09/01 14:49:31.027, 76.43 W, 345 MHz, 0 %, 0 MiB
2026/09/01 14:49:36.027, 76.44 W, 345 MHz, 0 %, 0 MiB
2026/09/01 14:49:41.028, 76.43 W, 345 MHz, 0 %, 0 MiB
2026/09/01 14:49:46.028, 76.43 W, 345 MHz, 0 %, 0 MiB
2026/09/01 14:49:51.029, 76.44 W, 345 MHz, 0 %, 0 MiB
2026/09/01 14:49:56.029, 76.41 W, 345 MHz, 0 %, 0 MiB
2026/09/01 14:50:01.029, 76.51 W, 345 MHz, 0 %, 0 MiB
2026/09/01 14:50:06.030, 76.51 W, 345 MHz, 0 %, 0 MiB
2026/09/01 14:50:11.030, 76.44 W, 345 MHz, 0 %, 0 MiB
2026/09/01 14:50:16.031, 76.41 W, 345 MHz, 0 %, 0 MiB
2026/09/01 14:50:21.031, 76.43 W, 345 MHz, 0 %, 0 MiB
2026/09/01 14:50:26.032, 76.41 W, 345 MHz, 0 %, 0 MiB
2026/09/01 14:50:31.032, 76.44 W, 345 MHz, 0 %, 0 MiB
2026/09/01 14:50:36.033, 76.42 W, 345 MHz, 0 %, 0 MiB
2026/09/01 14:50:41.033, 76.44 W, 345 MHz, 0 %, 0 MiB
2026/09/01 14:50:46.033, 76.47 W, 345 MHz, 0 %, 0 MiB
2026/09/01 14:50:51.034, 76.46 W, 345 MHz, 0 %, 0 MiB
2026/09/01 14:50:56.034, 76.48 W, 345 MHz, 0 %, 0 MiB
2026/09/01 14:51:01.035, 76.53 W, 345 MHz, 0 %, 0 MiB
2026/09/01 14:51:06.035, 76.58 W, 345 MHz, 0 %, 0 MiB
2026/09/01 14:51:11.035, 76.55 W, 345 MHz, 0 %, 0 MiB
2026/09/01 14:51:16.036, 76.60 W, 345 MHz, 0 %, 0 MiB
2026/09/01 14:51:21.036, 76.60 W, 345 MHz, 0 %, 0 MiB
2026/09/01 14:51:26.036, 76.56 W, 345 MHz, 0 %, 0 MiB
2026/09/01 14:51:31.037, 76.56 W, 345 MHz, 0 %, 0 MiB
2026/09/01 14:51:36.037, 76.58 W, 345 MHz, 0 %, 0 MiB
2026/09/01 14:51:41.038, 76.66 W, 345 MHz, 0 %, 0 MiB
2026/09/01 14:51:46.038, 76.61 W, 345 MHz, 0 %, 0 MiB
2026/09/01 14:51:51.039, 76.58 W, 345 MHz, 0 %, 0 MiB
2026/09/01 14:51:56.039, 76.55 W, 345 MHz, 0 %, 0 MiB
2026/09/01 14:52:01.040, 76.53 W, 345 MHz, 0 %, 0 MiB
2026/09/01 14:52:06.040, 76.61 W, 345 MHz, 0 %, 0 MiB
2026/09/01 14:52:11.041, 76.60 W, 345 MHz, 0 %, 0 MiB
2026/09/01 14:52:16.041, 76.54 W, 345 MHz, 0 %, 0 MiB
2026/09/01 14:52:21.042, 76.55 W, 345 MHz, 0 %, 0 MiB
2026/09/01 14:52:26.042, 76.51 W, 345 MHz, 0 %, 0 MiB
2026/09/01 14:52:31.042, 76.35 W, 345 MHz, 0 %, 0 MiB
2026/09/01 14:52:36.043, 76.48 W, 345 MHz, 0 %, 0 MiB
2026/09/01 14:52:41.043, 76.47 W, 345 MHz, 0 %, 0 MiB
2026/09/01 14:52:46.044, 76.52 W, 345 MHz, 0 %, 0 MiB
2026/09/01 14:52:51.044, 76.47 W, 345 MHz, 0 %, 0 MiB
2026/09/01 14:52:56.044, 76.52 W, 345 MHz, 0 %, 0 MiB
2026/09/01 14:53:01.045, 76.53 W, 345 MHz, 0 %, 0 MiB
2026/09/01 14:53:06.045, 76.48 W, 345 MHz, 0 %, 0 MiB
2026/09/01 14:53:11.045, 76.42 W, 345 MHz, 0 %, 0 MiB
2026/09/01 14:53:16.046, 76.45 W, 345 MHz, 0 %, 0 MiB
2026/09/01 14:53:21.046, 76.48 W, 345 MHz, 0 %, 0 MiB
2026/09/01 14:53:26.047, 76.47 W, 345 MHz, 0 %, 0 MiB
2026/09/01 14:53:31.047, 76.46 W, 345 MHz, 0 %, 0 MiB
2026/09/01 14:53:36.047, 76.42 W, 345 MHz, 0 %, 0 MiB
2026/09/01 14:53:41.048, 77.76 W, 345 MHz, 0 %, 4 MiB
2026/09/01 14:53:46.049, 115.89 W, 1980 MHz, 13 %, 4161 MiB
2026/09/01 14:53:51.049, 116.92 W, 1980 MHz, 12 %, 34411 MiB
2026/09/01 14:53:56.049, 115.57 W, 1980 MHz, 0 %, 50111 MiB
2026/09/01 14:54:01.050, 115.58 W, 1980 MHz, 0 %, 50111 MiB
2026/09/01 14:54:06.050, 117.22 W, 1980 MHz, 11 %, 103261 MiB
2026/09/01 14:54:11.051, 117.05 W, 1980 MHz, 11 %, 103261 MiB
2026/09/01 14:54:16.051, 116.00 W, 1980 MHz, 0 %, 100053 MiB
2026/09/01 14:54:21.051, 119.89 W, 1980 MHz, 0 %, 100053 MiB
2026/09/01 14:54:26.052, 119.96 W, 1980 MHz, 0 %, 100053 MiB
2026/09/01 14:54:31.052, 119.88 W, 1980 MHz, 0 %, 100053 MiB
2026/09/01 14:54:36.053, 119.83 W, 1980 MHz, 0 %, 100053 MiB
2026/09/01 14:54:41.053, 115.94 W, 1980 MHz, 0 %, 101241 MiB
2026/09/01 14:54:46.053, 116.01 W, 1980 MHz, 0 %, 100651 MiB
2026/09/01 14:54:51.054, 115.99 W, 1980 MHz, 0 %, 100651 MiB
2026/09/01 14:54:56.054, 116.02 W, 1980 MHz, 0 %, 100651 MiB
2026/09/01 14:55:01.054, 116.00 W, 1980 MHz, 0 %, 100651 MiB
2026/09/01 14:55:06.055, 115.91 W, 1980 MHz, 0 %, 100651 MiB
2026/09/01 14:55:11.055, 116.01 W, 1980 MHz, 0 %, 107165 MiB
2026/09/01 14:55:16.056, 115.91 W, 1980 MHz, 0 %, 107165 MiB
2026/09/01 14:55:21.056, 120.97 W, 1980 MHz, 3 %, 107787 MiB
2026/09/01 14:55:26.057, 513.88 W, 1980 MHz, 100 %, 111161 MiB
2026/09/01 14:55:31.057, 436.70 W, 1980 MHz, 12 %, 111161 MiB
2026/09/01 14:55:36.057, 625.38 W, 1980 MHz, 100 %, 114869 MiB
2026/09/01 14:55:41.058, 519.18 W, 1980 MHz, 100 %, 117333 MiB
2026/09/01 14:55:46.058, 118.86 W, 1980 MHz, 0 %, 117821 MiB
2026/09/01 14:55:51.059, 102.73 W, 345 MHz, 0 %, 0 MiB
2026/09/01 14:55:56.059, 77.09 W, 345 MHz, 0 %, 0 MiB
2026/09/01 14:56:01.060, 76.85 W, 345 MHz, 0 %, 0 MiB
2026/09/01 14:56:06.060, 76.62 W, 345 MHz, 0 %, 0 MiB
2026/09/01 14:56:11.060, 76.49 W, 345 MHz, 0 %, 0 MiB
2026/09/01 14:56:16.061, 76.47 W, 345 MHz, 0 %, 0 MiB
2026/09/01 14:56:21.061, 76.41 W, 345 MHz, 0 %, 0 MiB
2026/09/01 14:56:26.062, 76.36 W, 345 MHz, 0 %, 0 MiB
2026/09/01 14:56:31.062, 76.38 W, 345 MHz, 0 %, 0 MiB
2026/09/01 14:56:36.062, 76.30 W, 345 MHz, 0 %, 0 MiB
2026/09/01 14:56:41.063, 76.26 W, 345 MHz, 0 %, 0 MiB
2026/09/01 14:56:46.063, 76.30 W, 345 MHz, 0 %, 0 MiB
2026/09/01 14:56:51.063, 76.18 W, 345 MHz, 0 %, 0 MiB
2026/09/01 14:56:56.064, 76.19 W, 345 MHz, 0 %, 0 MiB
2026/09/01 14:57:01.064, 76.15 W, 345 MHz, 0 %, 0 MiB
2026/09/01 14:57:06.065, 76.10 W, 345 MHz, 0 %, 0 MiB
2026/09/01 14:57:11.065, 76.31 W, 345 MHz, 0 %, 4 MiB
2026/09/01 14:57:16.073, 116.62 W, 1980 MHz, 11 %, 53245 MiB
2026/09/01 14:57:21.074, 116.74 W, 1980 MHz, 12 %, 53245 MiB
2026/09/01 14:57:26.074, 115.46 W, 1980 MHz, 0 %, 50537 MiB
2026/09/01 14:57:31.074, 115.42 W, 1980 MHz, 0 %, 50537 MiB
2026/09/01 14:57:36.075, 115.47 W, 1980 MHz, 0 %, 50537 MiB
2026/09/01 14:57:41.075, 115.44 W, 1980 MHz, 0 %, 50537 MiB
2026/09/01 14:57:46.076, 115.41 W, 1980 MHz, 0 %, 50537 MiB
2026/09/01 14:57:51.076, 115.81 W, 1980 MHz, 0 %, 53191 MiB
2026/09/01 14:57:56.077, 115.73 W, 1980 MHz, 0 %, 53191 MiB
2026/09/01 14:58:01.077, 160.21 W, 1980 MHz, 0 %, 53191 MiB
2026/09/01 14:58:06.077, 216.82 W, 1980 MHz, 0 %, 53191 MiB
2026/09/01 14:58:11.078, 210.52 W, 1980 MHz, 0 %, 53449 MiB
2026/09/01 14:58:16.078, 116.05 W, 1980 MHz, 0 %, 53449 MiB
2026/09/01 14:58:21.079, 115.98 W, 1980 MHz, 0 %, 53449 MiB
2026/09/01 14:58:26.079, 206.10 W, 1980 MHz, 0 %, 0 MiB
2026/09/01 14:58:31.079, 76.70 W, 345 MHz, 0 %, 0 MiB
2026/09/01 14:58:36.080, 76.55 W, 345 MHz, 0 %, 0 MiB
2026/09/01 14:58:41.080, 76.59 W, 345 MHz, 0 %, 0 MiB
2026/09/01 14:58:46.081, 116.84 W, 1980 MHz, 12 %, 53245 MiB
2026/09/01 14:58:51.081, 117.29 W, 1980 MHz, 13 %, 53245 MiB
2026/09/01 14:58:56.081, 116.25 W, 1980 MHz, 0 %, 55733 MiB
2026/09/01 14:59:01.082, 115.92 W, 1980 MHz, 0 %, 55733 MiB
2026/09/01 14:59:06.082, 115.97 W, 1980 MHz, 0 %, 55733 MiB
2026/09/01 14:59:11.083, 115.96 W, 1980 MHz, 0 %, 55733 MiB
2026/09/01 14:59:16.083, 115.93 W, 1980 MHz, 0 %, 55733 MiB
2026/09/01 14:59:21.084, 116.47 W, 1980 MHz, 0 %, 58395 MiB
2026/09/01 14:59:26.084, 116.14 W, 1980 MHz, 0 %, 58395 MiB
2026/09/01 14:59:31.084, 116.11 W, 1980 MHz, 0 %, 58395 MiB
2026/09/01 14:59:36.085, 146.43 W, 1980 MHz, 0 %, 58395 MiB
2026/09/01 14:59:41.085, 116.36 W, 1980 MHz, 0 %, 58395 MiB
2026/09/01 14:59:46.085, 116.34 W, 1980 MHz, 0 %, 58395 MiB
2026/09/01 14:59:51.086, 146.90 W, 1980 MHz, 0 %, 58653 MiB
2026/09/01 14:59:56.086, 116.46 W, 1980 MHz, 0 %, 58653 MiB
2026/09/01 15:00:01.087, 116.28 W, 1980 MHz, 0 %, 58653 MiB
2026/09/01 15:00:06.087, 119.36 W, 1980 MHz, 0 %, 59181 MiB
2026/09/01 15:00:11.087, 120.58 W, 1980 MHz, 0 %, 0 MiB
2026/09/01 15:00:16.088, 76.26 W, 345 MHz, 0 %, 0 MiB
2026/09/01 15:00:21.088, 76.19 W, 345 MHz, 0 %, 0 MiB
2026/09/01 15:00:26.089, 76.03 W, 345 MHz, 0 %, 0 MiB
2026/09/01 15:00:31.089, 116.99 W, 1980 MHz, 12 %, 53245 MiB
2026/09/01 15:00:36.089, 116.96 W, 1980 MHz, 12 %, 53245 MiB
2026/09/01 15:00:41.090, 115.61 W, 1980 MHz, 0 %, 50537 MiB
2026/09/01 15:00:46.090, 115.64 W, 1980 MHz, 0 %, 50537 MiB
2026/09/01 15:00:51.091, 115.70 W, 1980 MHz, 0 %, 50537 MiB
2026/09/01 15:00:56.091, 115.69 W, 1980 MHz, 0 %, 50537 MiB
2026/09/01 15:01:01.092, 115.63 W, 1980 MHz, 0 %, 50537 MiB
2026/09/01 15:01:06.092, 116.26 W, 1980 MHz, 0 %, 53191 MiB
2026/09/01 15:01:11.093, 115.89 W, 1980 MHz, 0 %, 53191 MiB
2026/09/01 15:01:16.093, 145.53 W, 1980 MHz, 0 %, 53191 MiB
2026/09/01 15:01:21.093, 116.05 W, 1980 MHz, 0 %, 53191 MiB
2026/09/01 15:01:26.094, 160.01 W, 1980 MHz, 0 %, 53191 MiB
2026/09/01 15:01:31.094, 229.09 W, 1980 MHz, 0 %, 53449 MiB
2026/09/01 15:01:36.095, 150.79 W, 1980 MHz, 0 %, 53449 MiB
2026/09/01 15:01:41.095, 116.01 W, 1980 MHz, 0 %, 53449 MiB
2026/09/01 15:01:46.095, 109.17 W, 480 MHz, 0 %, 0 MiB
2026/09/01 15:01:51.096, 76.81 W, 345 MHz, 0 %, 0 MiB
2026/09/01 15:01:56.096, 76.75 W, 345 MHz, 0 %, 0 MiB
2026/09/01 15:02:01.097, 76.73 W, 345 MHz, 0 %, 0 MiB
2026/09/01 15:02:06.097, 76.66 W, 345 MHz, 0 %, 0 MiB
2026/09/01 15:02:11.097, 76.65 W, 345 MHz, 0 %, 0 MiB
2026/09/01 15:02:16.098, 76.61 W, 345 MHz, 0 %, 0 MiB
2026/09/01 15:02:21.098, 76.51 W, 345 MHz, 0 %, 0 MiB
2026/09/01 15:02:26.099, 76.53 W, 345 MHz, 0 %, 0 MiB
2026/09/01 15:02:31.099, 76.54 W, 345 MHz, 0 %, 0 MiB
2026/09/01 15:02:36.099, 76.51 W, 345 MHz, 0 %, 0 MiB
2026/09/01 15:02:41.100, 76.50 W, 345 MHz, 0 %, 0 MiB
2026/09/01 15:02:46.100, 76.52 W, 345 MHz, 0 %, 0 MiB
2026/09/01 15:02:51.101, 76.48 W, 345 MHz, 0 %, 0 MiB
2026/09/01 15:02:56.101, 76.44 W, 345 MHz, 0 %, 0 MiB
2026/09/01 15:03:01.102, 76.43 W, 345 MHz, 0 %, 0 MiB
2026/09/01 15:03:06.102, 76.45 W, 345 MHz, 0 %, 0 MiB
2026/09/01 15:03:11.102, 76.46 W, 345 MHz, 0 %, 0 MiB
2026/09/01 15:03:16.103, 76.47 W, 345 MHz, 0 %, 0 MiB
2026/09/01 15:03:21.103, 76.46 W, 345 MHz, 0 %, 0 MiB
2026/09/01 15:03:26.104, 76.46 W, 345 MHz, 0 %, 0 MiB
2026/09/01 15:03:31.104, 76.46 W, 345 MHz, 0 %, 0 MiB
2026/09/01 15:03:36.105, 77.83 W, 1980 MHz, 0 %, 23 MiB
2026/09/01 15:03:41.108, 116.92 W, 1980 MHz, 12 %, 53245 MiB
2026/09/01 15:03:46.109, 116.87 W, 1980 MHz, 12 %, 53245 MiB
2026/09/01 15:03:51.109, 115.72 W, 1980 MHz, 0 %, 50537 MiB
2026/09/01 15:03:56.110, 115.70 W, 1980 MHz, 0 %, 50537 MiB
2026/09/01 15:04:01.110, 115.73 W, 1980 MHz, 0 %, 50537 MiB
2026/09/01 15:04:06.110, 115.75 W, 1980 MHz, 0 %, 50537 MiB
2026/09/01 15:04:11.111, 248.95 W, 1980 MHz, 100 %, 53143 MiB
2026/09/01 15:04:16.111, 116.00 W, 1980 MHz, 0 %, 53191 MiB
2026/09/01 15:04:21.111, 76.94 W, 345 MHz, 0 %, 0 MiB
2026/09/01 15:04:26.112, 76.83 W, 345 MHz, 0 %, 0 MiB
2026/09/01 15:04:31.112, 76.73 W, 345 MHz, 0 %, 0 MiB
2026/09/01 15:04:36.113, 76.71 W, 345 MHz, 0 %, 0 MiB
2026/09/01 15:04:41.113, 76.57 W, 345 MHz, 0 %, 0 MiB
2026/09/01 15:04:46.113, 76.38 W, 345 MHz, 0 %, 0 MiB
2026/09/01 15:04:51.114, 76.44 W, 345 MHz, 0 %, 0 MiB
2026/09/01 15:04:56.114, 76.44 W, 345 MHz, 0 %, 0 MiB
2026/09/01 15:05:01.115, 76.42 W, 345 MHz, 0 %, 0 MiB
2026/09/01 15:05:06.115, 76.41 W, 345 MHz, 0 %, 0 MiB
2026/09/01 15:05:11.115, 76.38 W, 345 MHz, 0 %, 0 MiB
2026/09/01 15:05:16.116, 76.43 W, 345 MHz, 0 %, 0 MiB
2026/09/01 15:05:21.116, 76.46 W, 345 MHz, 0 %, 0 MiB
2026/09/01 15:05:26.117, 76.38 W, 345 MHz, 0 %, 0 MiB
2026/09/01 15:05:31.117, 76.39 W, 345 MHz, 0 %, 0 MiB
2026/09/01 15:05:36.117, 76.44 W, 345 MHz, 0 %, 0 MiB
2026/09/01 15:05:41.118, 76.46 W, 345 MHz, 0 %, 0 MiB
2026/09/01 15:05:46.118, 76.40 W, 345 MHz, 0 %, 0 MiB
2026/09/01 15:05:51.119, 76.40 W, 345 MHz, 0 %, 0 MiB
2026/09/01 15:05:56.119, 116.89 W, 1980 MHz, 14 %, 53245 MiB
2026/09/01 15:06:01.119, 116.87 W, 1980 MHz, 12 %, 53245 MiB
2026/09/01 15:06:06.120, 115.52 W, 1980 MHz, 0 %, 50537 MiB
2026/09/01 15:06:11.120, 115.59 W, 1980 MHz, 0 %, 50537 MiB
2026/09/01 15:06:16.120, 115.57 W, 1980 MHz, 0 %, 50537 MiB
2026/09/01 15:06:21.121, 115.57 W, 1980 MHz, 0 %, 50537 MiB
2026/09/01 15:06:26.121, 115.60 W, 1980 MHz, 0 %, 50537 MiB
2026/09/01 15:06:31.122, 116.12 W, 1980 MHz, 0 %, 53191 MiB
2026/09/01 15:06:36.122, 120.15 W, 1980 MHz, 0 %, 0 MiB
2026/09/01 15:06:41.123, 76.61 W, 345 MHz, 0 %, 0 MiB
2026/09/01 15:06:46.123, 76.60 W, 345 MHz, 0 %, 0 MiB
2026/09/01 15:06:51.124, 76.56 W, 345 MHz, 0 %, 0 MiB
2026/09/01 15:06:56.124, 117.18 W, 1980 MHz, 12 %, 53245 MiB
2026/09/01 15:07:01.125, 117.15 W, 1980 MHz, 12 %, 53245 MiB
2026/09/01 15:07:06.125, 116.21 W, 1980 MHz, 0 %, 55733 MiB
2026/09/01 15:07:11.126, 116.01 W, 1980 MHz, 0 %, 55733 MiB
2026/09/01 15:07:16.126, 115.98 W, 1980 MHz, 0 %, 55733 MiB
2026/09/01 15:07:21.126, 115.99 W, 1980 MHz, 0 %, 55733 MiB
2026/09/01 15:07:26.127, 115.98 W, 1980 MHz, 0 %, 55733 MiB
2026/09/01 15:07:31.127, 116.29 W, 1980 MHz, 0 %, 58395 MiB
2026/09/01 15:07:36.128, 116.08 W, 1980 MHz, 0 %, 58395 MiB
2026/09/01 15:07:41.128, 76.05 W, 345 MHz, 0 %, 0 MiB
2026/09/01 15:07:46.128, 76.00 W, 345 MHz, 0 %, 0 MiB
2026/09/01 15:07:51.129, 76.17 W, 345 MHz, 0 %, 0 MiB
2026/09/01 15:07:56.129, 99.33 W, 1980 MHz, 0 %, 549 MiB
2026/09/01 15:08:01.129, 117.11 W, 1980 MHz, 11 %, 53245 MiB
2026/09/01 15:08:06.130, 116.95 W, 1980 MHz, 12 %, 53245 MiB
2026/09/01 15:08:11.130, 115.84 W, 1980 MHz, 0 %, 50537 MiB
2026/09/01 15:08:16.131, 115.85 W, 1980 MHz, 0 %, 50537 MiB
2026/09/01 15:08:21.131, 115.84 W, 1980 MHz, 0 %, 50537 MiB
2026/09/01 15:08:26.131, 115.84 W, 1980 MHz, 0 %, 50537 MiB
2026/09/01 15:08:31.132, 547.90 W, 1980 MHz, 100 %, 53191 MiB
2026/09/01 15:08:36.132, 119.44 W, 1980 MHz, 6 %, 53491 MiB
2026/09/01 15:08:41.133, 76.31 W, 345 MHz, 0 %, 0 MiB
2026/09/01 15:08:46.133, 76.84 W, 345 MHz, 0 %, 0 MiB
2026/09/01 15:08:51.134, 76.74 W, 345 MHz, 0 %, 0 MiB
2026/09/01 15:08:56.134, 76.68 W, 345 MHz, 0 %, 0 MiB
2026/09/01 15:09:01.135, 76.67 W, 345 MHz, 0 %, 0 MiB
2026/09/01 15:09:06.135, 76.64 W, 345 MHz, 0 %, 0 MiB
2026/09/01 15:09:11.135, 76.64 W, 345 MHz, 0 %, 0 MiB
2026/09/01 15:09:16.136, 76.51 W, 345 MHz, 0 %, 0 MiB
2026/09/01 15:09:21.136, 76.54 W, 345 MHz, 0 %, 0 MiB
2026/09/01 15:09:26.137, 76.49 W, 345 MHz, 0 %, 0 MiB
2026/09/01 15:09:31.137, 76.52 W, 345 MHz, 0 %, 0 MiB
2026/09/01 15:09:36.137, 76.50 W, 345 MHz, 0 %, 0 MiB
2026/09/01 15:09:41.138, 76.48 W, 345 MHz, 0 %, 0 MiB
2026/09/01 15:09:46.138, 76.54 W, 345 MHz, 0 %, 0 MiB
2026/09/01 15:09:51.138, 76.57 W, 345 MHz, 0 %, 4 MiB
2026/09/01 15:09:56.144, 116.91 W, 1980 MHz, 12 %, 53245 MiB
2026/09/01 15:10:01.144, 116.99 W, 1980 MHz, 12 %, 53245 MiB
2026/09/01 15:10:06.145, 115.69 W, 1980 MHz, 0 %, 50537 MiB
2026/09/01 15:10:11.145, 115.69 W, 1980 MHz, 0 %, 50537 MiB
2026/09/01 15:10:16.145, 115.71 W, 1980 MHz, 0 %, 50537 MiB
2026/09/01 15:10:21.146, 115.74 W, 1980 MHz, 0 %, 50537 MiB
2026/09/01 15:10:26.146, 223.53 W, 1980 MHz, 100 %, 53143 MiB
2026/09/01 15:10:31.147, 116.03 W, 1980 MHz, 0 %, 53191 MiB
2026/09/01 15:10:36.147, 76.89 W, 345 MHz, 0 %, 0 MiB
2026/09/01 15:10:41.148, 76.72 W, 345 MHz, 0 %, 0 MiB
2026/09/01 15:10:46.148, 76.68 W, 345 MHz, 0 %, 0 MiB
2026/09/01 15:10:51.149, 76.65 W, 345 MHz, 0 %, 0 MiB
2026/09/01 15:10:56.149, 76.62 W, 345 MHz, 0 %, 0 MiB
2026/09/01 15:11:01.150, 76.59 W, 345 MHz, 0 %, 0 MiB
2026/09/01 15:11:06.150, 76.53 W, 345 MHz, 0 %, 0 MiB
2026/09/01 15:11:11.150, 76.52 W, 345 MHz, 0 %, 0 MiB
2026/09/01 15:11:16.151, 89.73 W, 1980 MHz, 3 %, 527 MiB
2026/09/01 15:11:21.151, 116.64 W, 1980 MHz, 12 %, 53245 MiB
2026/09/01 15:11:26.151, 116.75 W, 1980 MHz, 11 %, 53245 MiB
2026/09/01 15:11:31.152, 115.52 W, 1980 MHz, 0 %, 50537 MiB
2026/09/01 15:11:36.152, 115.60 W, 1980 MHz, 0 %, 50537 MiB
2026/09/01 15:11:41.153, 115.64 W, 1980 MHz, 0 %, 50537 MiB
2026/09/01 15:11:46.153, 115.67 W, 1980 MHz, 0 %, 50537 MiB
2026/09/01 15:11:51.154, 236.80 W, 1980 MHz, 100 %, 53143 MiB
2026/09/01 15:11:56.154, 116.61 W, 1980 MHz, 0 %, 53235 MiB
2026/09/01 15:12:01.154, 116.09 W, 1980 MHz, 0 %, 55861 MiB
2026/09/01 15:12:06.155, 116.04 W, 1980 MHz, 0 %, 55861 MiB
2026/09/01 15:12:11.155, 116.03 W, 1980 MHz, 0 %, 55861 MiB
2026/09/01 15:12:16.156, 115.99 W, 1980 MHz, 0 %, 55861 MiB
2026/09/01 15:12:21.156, 116.08 W, 1980 MHz, 0 %, 55861 MiB
2026/09/01 15:12:26.156, 115.99 W, 1980 MHz, 0 %, 55861 MiB
2026/09/01 15:12:31.157, 115.97 W, 1980 MHz, 0 %, 55861 MiB
2026/09/01 15:12:36.157, 115.86 W, 1980 MHz, 0 %, 55861 MiB
2026/09/01 15:12:41.158, 115.85 W, 1980 MHz, 0 %, 55861 MiB
2026/09/01 15:12:46.158, 115.83 W, 1980 MHz, 0 %, 55861 MiB
2026/09/01 15:12:51.159, 115.81 W, 1980 MHz, 0 %, 55861 MiB
2026/09/01 15:12:56.159, 115.78 W, 1980 MHz, 0 %, 55861 MiB
2026/09/01 15:13:01.160, 115.74 W, 1980 MHz, 0 %, 55861 MiB
2026/09/01 15:13:06.160, 115.79 W, 1980 MHz, 0 %, 57911 MiB
2026/09/01 15:13:11.160, 115.89 W, 1980 MHz, 0 %, 52797 MiB
2026/09/01 15:13:16.161, 116.45 W, 1980 MHz, 0 %, 52819 MiB
2026/09/01 15:13:21.161, 115.87 W, 1980 MHz, 0 %, 52819 MiB
2026/09/01 15:13:26.161, 144.25 W, 1980 MHz, 8 %, 113923 MiB
2026/09/01 15:13:31.162, 151.09 W, 1980 MHz, 33 %, 114039 MiB
2026/09/01 15:13:36.162, 116.07 W, 1980 MHz, 0 %, 114107 MiB
2026/09/01 15:13:41.163, 115.91 W, 1980 MHz, 0 %, 114107 MiB
2026/09/01 15:13:46.163, 115.91 W, 1980 MHz, 0 %, 114111 MiB
2026/09/01 15:13:51.163, 118.31 W, 1980 MHz, 5 %, 114115 MiB
2026/09/01 15:13:56.164, 691.14 W, 1560 MHz, 100 %, 118291 MiB
2026/09/01 15:14:01.164, 691.92 W, 1605 MHz, 100 %, 118293 MiB
2026/09/01 15:14:06.164, 692.40 W, 1710 MHz, 100 %, 118293 MiB
2026/09/01 15:14:11.165, 564.61 W, 1980 MHz, 100 %, 118295 MiB
2026/09/01 15:14:16.165, 119.14 W, 1980 MHz, 0 %, 118295 MiB
2026/09/01 15:14:21.166, 117.85 W, 1980 MHz, 0 %, 118295 MiB
2026/09/01 15:14:26.166, 117.47 W, 1980 MHz, 0 %, 118295 MiB
2026/09/01 15:14:31.166, 117.13 W, 1980 MHz, 0 %, 118295 MiB
2026/09/01 15:14:36.167, 116.89 W, 1980 MHz, 0 %, 118295 MiB
2026/09/01 15:14:41.167, 116.71 W, 1980 MHz, 0 %, 118295 MiB
2026/09/01 15:14:46.168, 116.74 W, 1980 MHz, 0 %, 118295 MiB
2026/09/01 15:14:51.168, 116.57 W, 1980 MHz, 0 %, 118295 MiB
2026/09/01 15:14:56.168, 116.33 W, 1980 MHz, 0 %, 118295 MiB
2026/09/01 15:15:01.169, 116.22 W, 1980 MHz, 0 %, 118295 MiB
2026/09/01 15:15:06.169, 119.11 W, 1980 MHz, 0 %, 118823 MiB
2026/09/01 15:15:11.170, 120.22 W, 1980 MHz, 0 %, 118295 MiB
2026/09/01 15:15:16.170, 120.18 W, 1980 MHz, 0 %, 118295 MiB
2026/09/01 15:15:21.171, 120.16 W, 1980 MHz, 0 %, 118295 MiB
2026/09/01 15:15:26.171, 120.17 W, 1980 MHz, 0 %, 118295 MiB
2026/09/01 15:15:31.172, 120.11 W, 1980 MHz, 0 %, 118295 MiB
2026/09/01 15:15:36.172, 120.04 W, 1980 MHz, 0 %, 118295 MiB
2026/09/01 15:15:41.173, 120.05 W, 1980 MHz, 0 %, 118295 MiB
2026/09/01 15:15:46.173, 120.12 W, 1980 MHz, 0 %, 118295 MiB
2026/09/01 15:15:51.173, 120.11 W, 1980 MHz, 0 %, 118295 MiB
2026/09/01 15:15:56.174, 120.12 W, 1980 MHz, 0 %, 118295 MiB
2026/09/01 15:16:01.174, 120.15 W, 1980 MHz, 0 %, 118295 MiB
2026/09/01 15:16:06.175, 120.15 W, 1980 MHz, 0 %, 118295 MiB
2026/09/01 15:16:11.175, 120.13 W, 1980 MHz, 0 %, 118295 MiB
2026/09/01 15:16:16.176, 120.14 W, 1980 MHz, 0 %, 118295 MiB
2026/09/01 15:16:21.176, 120.14 W, 1980 MHz, 0 %, 118295 MiB
2026/09/01 15:16:26.176, 120.15 W, 1980 MHz, 0 %, 118295 MiB
2026/09/01 15:16:31.177, 120.12 W, 1980 MHz, 0 %, 118295 MiB
2026/09/01 15:16:36.177, 120.01 W, 1980 MHz, 0 %, 118295 MiB
2026/09/01 15:16:41.178, 119.99 W, 1980 MHz, 0 %, 118295 MiB
2026/09/01 15:16:46.178, 120.02 W, 1980 MHz, 0 %, 118295 MiB
2026/09/01 15:16:51.178, 120.05 W, 1980 MHz, 0 %, 118295 MiB
2026/09/01 15:16:56.179, 120.04 W, 1980 MHz, 0 %, 118295 MiB
2026/09/01 15:17:01.179, 120.16 W, 1980 MHz, 0 %, 118295 MiB
2026/09/01 15:17:06.180, 120.09 W, 1980 MHz, 0 %, 118295 MiB
2026/09/01 15:17:11.180, 120.10 W, 1980 MHz, 0 %, 118295 MiB
2026/09/01 15:17:16.180, 120.13 W, 1980 MHz, 0 %, 118295 MiB
2026/09/01 15:17:21.181, 120.17 W, 1980 MHz, 0 %, 118295 MiB
2026/09/01 15:17:26.181, 120.12 W, 1980 MHz, 0 %, 118295 MiB
2026/09/01 15:17:31.182, 120.12 W, 1980 MHz, 0 %, 118295 MiB
2026/09/01 15:17:36.182, 120.12 W, 1980 MHz, 0 %, 118295 MiB
2026/09/01 15:17:41.182, 120.11 W, 1980 MHz, 0 %, 118295 MiB
2026/09/01 15:17:46.183, 120.06 W, 1980 MHz, 0 %, 118295 MiB
2026/09/01 15:17:51.183, 120.01 W, 1980 MHz, 0 %, 118295 MiB
2026/09/01 15:17:56.184, 119.99 W, 1980 MHz, 0 %, 118295 MiB
2026/09/01 15:18:01.184, 119.90 W, 1980 MHz, 0 %, 118295 MiB
2026/09/01 15:18:06.184, 119.91 W, 1980 MHz, 0 %, 118295 MiB
2026/09/01 15:18:11.185, 119.89 W, 1980 MHz, 0 %, 118295 MiB
2026/09/01 15:18:16.185, 119.94 W, 1980 MHz, 0 %, 118295 MiB
2026/09/01 15:18:21.186, 119.91 W, 1980 MHz, 0 %, 118295 MiB
2026/09/01 15:18:26.186, 119.83 W, 1980 MHz, 0 %, 118295 MiB
2026/09/01 15:18:31.186, 119.91 W, 1980 MHz, 0 %, 118295 MiB
2026/09/01 15:18:36.187, 119.92 W, 1980 MHz, 0 %, 118295 MiB
2026/09/01 15:18:41.187, 119.89 W, 1980 MHz, 0 %, 118295 MiB
2026/09/01 15:18:46.188, 119.98 W, 1980 MHz, 0 %, 118295 MiB
2026/09/01 15:18:51.188, 119.89 W, 1980 MHz, 0 %, 118295 MiB
2026/09/01 15:18:56.188, 119.95 W, 1980 MHz, 0 %, 118295 MiB
2026/09/01 15:19:01.189, 119.82 W, 1980 MHz, 0 %, 118295 MiB
2026/09/01 15:19:06.189, 119.80 W, 1980 MHz, 0 %, 118295 MiB
2026/09/01 15:19:11.189, 119.87 W, 1980 MHz, 0 %, 118295 MiB
2026/09/01 15:19:16.190, 119.90 W, 1980 MHz, 0 %, 118295 MiB
2026/09/01 15:19:21.190, 119.92 W, 1980 MHz, 0 %, 118295 MiB
2026/09/01 15:19:26.191, 119.98 W, 1980 MHz, 0 %, 118295 MiB
2026/09/01 15:19:31.191, 120.05 W, 1980 MHz, 0 %, 118295 MiB
2026/09/01 15:19:36.192, 120.06 W, 1980 MHz, 0 %, 118295 MiB
2026/09/01 15:19:41.192, 119.98 W, 1980 MHz, 0 %, 118295 MiB
2026/09/01 15:19:46.192, 120.00 W, 1980 MHz, 0 %, 118295 MiB
2026/09/01 15:19:51.193, 120.01 W, 1980 MHz, 0 %, 118295 MiB
2026/09/01 15:19:56.193, 120.04 W, 1980 MHz, 0 %, 118295 MiB
2026/09/01 15:20:01.194, 120.02 W, 1980 MHz, 0 %, 118295 MiB
2026/09/01 15:20:06.194, 119.98 W, 1980 MHz, 0 %, 118295 MiB
2026/09/01 15:20:11.195, 119.93 W, 1980 MHz, 0 %, 118295 MiB
2026/09/01 15:20:16.195, 119.94 W, 1980 MHz, 0 %, 118295 MiB
2026/09/01 15:20:21.195, 119.82 W, 1980 MHz, 0 %, 118295 MiB
2026/09/01 15:20:26.196, 119.85 W, 1980 MHz, 0 %, 118295 MiB
2026/09/01 15:20:31.196, 119.86 W, 1980 MHz, 0 %, 118295 MiB
2026/09/01 15:20:36.197, 119.87 W, 1980 MHz, 0 %, 118295 MiB
2026/09/01 15:20:41.197, 119.93 W, 1980 MHz, 0 %, 118295 MiB
2026/09/01 15:20:46.197, 119.98 W, 1980 MHz, 0 %, 118295 MiB
2026/09/01 15:20:51.198, 119.76 W, 1980 MHz, 0 %, 118295 MiB
2026/09/01 15:20:56.198, 119.77 W, 1980 MHz, 0 %, 118295 MiB
2026/09/01 15:21:01.198, 119.81 W, 1980 MHz, 0 %, 118295 MiB
2026/09/01 15:21:06.199, 119.86 W, 1980 MHz, 0 %, 118295 MiB
2026/09/01 15:21:11.199, 119.86 W, 1980 MHz, 0 %, 118295 MiB
2026/09/01 15:21:16.200, 119.83 W, 1980 MHz, 0 %, 118295 MiB
2026/09/01 15:21:21.200, 119.81 W, 1980 MHz, 0 %, 118295 MiB
2026/09/01 15:21:26.200, 119.77 W, 1980 MHz, 0 %, 118295 MiB
2026/09/01 15:21:31.201, 119.77 W, 1980 MHz, 0 %, 118295 MiB
2026/09/01 15:21:36.201, 119.83 W, 1980 MHz, 0 %, 118295 MiB
2026/09/01 15:21:41.202, 119.85 W, 1980 MHz, 0 %, 118295 MiB
2026/09/01 15:21:46.202, 119.92 W, 1980 MHz, 0 %, 118295 MiB
2026/09/01 15:21:51.202, 119.99 W, 1980 MHz, 0 %, 118295 MiB
2026/09/01 15:21:56.203, 120.01 W, 1980 MHz, 0 %, 118295 MiB
2026/09/01 15:22:01.203, 120.04 W, 1980 MHz, 0 %, 118295 MiB
2026/09/01 15:22:06.204, 120.06 W, 1980 MHz, 0 %, 118295 MiB
2026/09/01 15:22:11.204, 120.08 W, 1980 MHz, 0 %, 118295 MiB
2026/09/01 15:22:16.204, 120.13 W, 1980 MHz, 0 %, 118295 MiB
2026/09/01 15:22:21.205, 120.08 W, 1980 MHz, 0 %, 118295 MiB
2026/09/01 15:22:26.205, 120.01 W, 1980 MHz, 0 %, 118295 MiB
2026/09/01 15:22:31.206, 120.01 W, 1980 MHz, 0 %, 118295 MiB
2026/09/01 15:22:36.206, 119.90 W, 1980 MHz, 0 %, 118295 MiB
2026/09/01 15:22:41.206, 119.84 W, 1980 MHz, 0 %, 118295 MiB
2026/09/01 15:22:46.207, 119.88 W, 1980 MHz, 0 %, 118295 MiB
2026/09/01 15:22:51.207, 119.80 W, 1980 MHz, 0 %, 118295 MiB
2026/09/01 15:22:56.208, 119.83 W, 1980 MHz, 0 %, 118295 MiB
2026/09/01 15:23:01.208, 119.86 W, 1980 MHz, 0 %, 118295 MiB
2026/09/01 15:23:06.208, 119.89 W, 1980 MHz, 0 %, 118295 MiB
2026/09/01 15:23:11.209, 119.83 W, 1980 MHz, 0 %, 118295 MiB
2026/09/01 15:23:16.209, 119.77 W, 1980 MHz, 0 %, 118295 MiB
2026/09/01 15:23:21.210, 119.78 W, 1980 MHz, 0 %, 118295 MiB
2026/09/01 15:23:26.210, 119.79 W, 1980 MHz, 0 %, 118295 MiB
2026/09/01 15:23:31.211, 119.81 W, 1980 MHz, 0 %, 118295 MiB
2026/09/01 15:23:36.211, 119.82 W, 1980 MHz, 0 %, 118295 MiB
2026/09/01 15:23:41.211, 119.76 W, 1980 MHz, 0 %, 118295 MiB
2026/09/01 15:23:46.212, 119.71 W, 1980 MHz, 0 %, 118295 MiB
2026/09/01 15:23:51.212, 119.72 W, 1980 MHz, 0 %, 118295 MiB
2026/09/01 15:23:56.213, 119.74 W, 1980 MHz, 0 %, 118295 MiB
2026/09/01 15:24:01.213, 119.76 W, 1980 MHz, 0 %, 118295 MiB
2026/09/01 15:24:06.214, 119.75 W, 1980 MHz, 0 %, 118295 MiB
2026/09/01 15:24:11.214, 119.81 W, 1980 MHz, 0 %, 118295 MiB
2026/09/01 15:24:16.214, 119.74 W, 1980 MHz, 0 %, 118295 MiB
2026/09/01 15:24:21.215, 119.80 W, 1980 MHz, 0 %, 118295 MiB
2026/09/01 15:24:26.215, 119.73 W, 1980 MHz, 0 %, 118295 MiB
2026/09/01 15:24:31.215, 119.77 W, 1980 MHz, 0 %, 118295 MiB
2026/09/01 15:24:36.216, 119.71 W, 1980 MHz, 0 %, 118295 MiB
2026/09/01 15:24:41.216, 119.77 W, 1980 MHz, 0 %, 118295 MiB
2026/09/01 15:24:46.216, 119.71 W, 1980 MHz, 0 %, 118295 MiB
2026/09/01 15:24:51.217, 119.79 W, 1980 MHz, 0 %, 118295 MiB
2026/09/01 15:24:56.217, 119.71 W, 1980 MHz, 0 %, 118295 MiB
2026/09/01 15:25:01.218, 119.73 W, 1980 MHz, 0 %, 118295 MiB
2026/09/01 15:25:06.218, 119.72 W, 1980 MHz, 0 %, 118295 MiB
2026/09/01 15:25:11.219, 119.77 W, 1980 MHz, 0 %, 118295 MiB
2026/09/01 15:25:16.219, 119.79 W, 1980 MHz, 0 %, 118295 MiB
2026/09/01 15:25:21.220, 119.86 W, 1980 MHz, 0 %, 118295 MiB
2026/09/01 15:25:26.220, 119.92 W, 1980 MHz, 0 %, 118295 MiB
2026/09/01 15:25:31.221, 119.95 W, 1980 MHz, 0 %, 118295 MiB
2026/09/01 15:25:36.221, 119.93 W, 1980 MHz, 0 %, 118295 MiB
2026/09/01 15:25:41.222, 119.89 W, 1980 MHz, 0 %, 118295 MiB
2026/09/01 15:25:46.222, 119.91 W, 1980 MHz, 0 %, 118295 MiB
2026/09/01 15:25:51.222, 119.95 W, 1980 MHz, 0 %, 118295 MiB
2026/09/01 15:25:56.223, 119.89 W, 1980 MHz, 0 %, 118295 MiB
2026/09/01 15:26:01.223, 119.83 W, 1980 MHz, 0 %, 118295 MiB
2026/09/01 15:26:06.224, 119.79 W, 1980 MHz, 0 %, 118295 MiB
2026/09/01 15:26:11.224, 119.88 W, 1980 MHz, 0 %, 118295 MiB
2026/09/01 15:26:16.224, 119.95 W, 1980 MHz, 0 %, 118295 MiB
2026/09/01 15:26:21.225, 119.98 W, 1980 MHz, 0 %, 118295 MiB
2026/09/01 15:26:26.225, 120.04 W, 1980 MHz, 0 %, 118295 MiB
2026/09/01 15:26:31.226, 120.01 W, 1980 MHz, 0 %, 118295 MiB
2026/09/01 15:26:36.226, 120.03 W, 1980 MHz, 0 %, 118295 MiB
2026/09/01 15:26:41.226, 120.07 W, 1980 MHz, 0 %, 118295 MiB
2026/09/01 15:26:46.227, 120.04 W, 1980 MHz, 0 %, 118295 MiB
2026/09/01 15:26:51.227, 120.06 W, 1980 MHz, 0 %, 118295 MiB
2026/09/01 15:26:56.228, 120.05 W, 1980 MHz, 0 %, 118295 MiB
2026/09/01 15:27:01.228, 120.05 W, 1980 MHz, 0 %, 118295 MiB
2026/09/01 15:27:06.229, 120.01 W, 1980 MHz, 0 %, 118295 MiB
2026/09/01 15:27:11.229, 119.92 W, 1980 MHz, 0 %, 118295 MiB
2026/09/01 15:27:16.229, 119.90 W, 1980 MHz, 0 %, 118295 MiB
2026/09/01 15:27:21.230, 119.86 W, 1980 MHz, 0 %, 118295 MiB
2026/09/01 15:27:26.230, 119.87 W, 1980 MHz, 0 %, 118295 MiB
2026/09/01 15:27:31.231, 119.85 W, 1980 MHz, 0 %, 118295 MiB
2026/09/01 15:27:36.231, 119.90 W, 1980 MHz, 0 %, 118295 MiB
2026/09/01 15:27:41.232, 119.80 W, 1980 MHz, 0 %, 118295 MiB
2026/09/01 15:27:46.232, 119.80 W, 1980 MHz, 0 %, 118295 MiB
2026/09/01 15:27:51.233, 119.73 W, 1980 MHz, 0 %, 118295 MiB
2026/09/01 15:27:56.233, 119.76 W, 1980 MHz, 0 %, 118295 MiB
2026/09/01 15:28:01.233, 119.72 W, 1980 MHz, 0 %, 118295 MiB
2026/09/01 15:28:06.234, 119.78 W, 1980 MHz, 0 %, 118295 MiB
2026/09/01 15:28:11.234, 77.14 W, 345 MHz, 0 %, 0 MiB
2026/09/01 15:28:16.235, 76.49 W, 345 MHz, 0 %, 0 MiB
2026/09/01 15:28:21.235, 76.62 W, 345 MHz, 0 %, 0 MiB
2026/09/01 15:28:26.235, 76.58 W, 345 MHz, 0 %, 0 MiB
2026/09/01 15:28:31.236, 76.54 W, 345 MHz, 0 %, 0 MiB
2026/09/01 15:28:36.236, 76.54 W, 345 MHz, 0 %, 0 MiB
2026/09/01 15:28:41.236, 76.50 W, 345 MHz, 0 %, 0 MiB
2026/09/01 15:28:46.237, 76.49 W, 345 MHz, 0 %, 0 MiB
2026/09/01 15:28:51.237, 76.49 W, 345 MHz, 0 %, 0 MiB
2026/09/01 15:28:56.238, 76.44 W, 345 MHz, 0 %, 0 MiB
2026/09/01 15:29:01.238, 76.47 W, 345 MHz, 0 %, 0 MiB
2026/09/01 15:29:06.239, 76.41 W, 345 MHz, 0 %, 0 MiB
2026/09/01 15:29:11.239, 116.86 W, 1980 MHz, 12 %, 53245 MiB
2026/09/01 15:29:16.239, 116.81 W, 1980 MHz, 12 %, 53245 MiB
2026/09/01 15:29:21.240, 115.70 W, 1980 MHz, 0 %, 55733 MiB
2026/09/01 15:29:26.240, 115.68 W, 1980 MHz, 0 %, 55733 MiB
2026/09/01 15:29:31.241, 115.71 W, 1980 MHz, 0 %, 55733 MiB
2026/09/01 15:29:36.241, 115.71 W, 1980 MHz, 0 %, 55733 MiB
2026/09/01 15:29:41.242, 115.69 W, 1980 MHz, 0 %, 55733 MiB
2026/09/01 15:29:46.242, 116.23 W, 1980 MHz, 0 %, 58395 MiB
2026/09/01 15:29:51.242, 115.92 W, 1980 MHz, 0 %, 58395 MiB
2026/09/01 15:29:56.243, 116.03 W, 1980 MHz, 0 %, 63333 MiB
2026/09/01 15:30:01.243, 116.09 W, 1980 MHz, 0 %, 58007 MiB
2026/09/01 15:30:06.244, 116.87 W, 1980 MHz, 0 %, 58049 MiB
2026/09/01 15:30:11.525, 120.09 W, 1980 MHz, 5 %, 58081 MiB
2026/09/01 15:30:16.525, 115.89 W, 1980 MHz, 0 %, 58081 MiB
2026/09/01 15:30:21.526, 146.18 W, 1980 MHz, 8 %, 113689 MiB
2026/09/01 15:30:26.526, 116.22 W, 1980 MHz, 0 %, 113817 MiB
2026/09/01 15:30:31.527, 119.40 W, 1980 MHz, 0 %, 113987 MiB
2026/09/01 15:30:36.527, 118.55 W, 1980 MHz, 0 %, 114065 MiB
2026/09/01 15:30:41.527, 117.96 W, 1980 MHz, 0 %, 114149 MiB
2026/09/01 15:30:46.528, 115.97 W, 1980 MHz, 0 %, 114183 MiB
2026/09/01 15:30:51.528, 153.79 W, 1980 MHz, 14 %, 114295 MiB
2026/09/01 15:30:56.529, 132.87 W, 1980 MHz, 7 %, 114399 MiB
2026/09/01 15:31:01.529, 116.00 W, 1980 MHz, 0 %, 114425 MiB
2026/09/01 15:31:06.530, 115.91 W, 1980 MHz, 0 %, 114425 MiB
2026/09/01 15:31:11.530, 115.87 W, 1980 MHz, 0 %, 114447 MiB
2026/09/01 15:31:16.530, 116.49 W, 1980 MHz, 5 %, 114455 MiB
2026/09/01 15:31:21.531, 115.84 W, 1980 MHz, 0 %, 118613 MiB
2026/09/01 15:31:26.531, 130.78 W, 1980 MHz, 0 %, 118613 MiB
2026/09/01 15:31:31.532, 679.08 W, 1710 MHz, 100 %, 118613 MiB
2026/09/01 15:31:36.532, 315.39 W, 1830 MHz, 97 %, 118615 MiB
2026/09/01 15:31:41.533, 120.50 W, 1980 MHz, 0 %, 118615 MiB
2026/09/01 15:31:46.533, 696.33 W, 1800 MHz, 98 %, 118615 MiB
2026/09/01 15:31:51.533, 496.05 W, 1980 MHz, 100 %, 118615 MiB
2026/09/01 15:31:56.534, 123.34 W, 1980 MHz, 0 %, 0 MiB
2026/09/01 15:32:01.534, 77.22 W, 345 MHz, 0 %, 0 MiB
2026/09/01 15:32:06.535, 76.91 W, 345 MHz, 0 %, 0 MiB
2026/09/01 15:32:11.535, 76.67 W, 345 MHz, 0 %, 0 MiB
2026/09/01 15:32:16.535, 117.89 W, 1980 MHz, 12 %, 53245 MiB
2026/09/01 15:32:21.536, 117.80 W, 1980 MHz, 12 %, 53245 MiB
2026/09/01 15:32:26.536, 116.39 W, 1980 MHz, 0 %, 50537 MiB
2026/09/01 15:32:31.537, 116.11 W, 1980 MHz, 0 %, 50537 MiB
2026/09/01 15:32:36.537, 115.97 W, 1980 MHz, 0 %, 50537 MiB
2026/09/01 15:32:41.537, 115.97 W, 1980 MHz, 0 %, 50537 MiB
2026/09/01 15:32:46.538, 115.99 W, 1980 MHz, 0 %, 50537 MiB
2026/09/01 15:32:51.538, 116.42 W, 1980 MHz, 0 %, 53191 MiB
2026/09/01 15:32:56.539, 116.37 W, 1980 MHz, 0 %, 57909 MiB
2026/09/01 15:33:01.539, 123.84 W, 1980 MHz, 0 %, 52793 MiB
2026/09/01 15:33:06.540, 116.08 W, 1980 MHz, 0 %, 52793 MiB
2026/09/01 15:33:11.540, 116.11 W, 1980 MHz, 0 %, 52815 MiB
2026/09/01 15:33:16.540, 123.44 W, 1980 MHz, 0 %, 113701 MiB
2026/09/01 15:33:21.541, 122.82 W, 1980 MHz, 0 %, 113969 MiB
2026/09/01 15:33:26.541, 145.43 W, 1980 MHz, 11 %, 114093 MiB
2026/09/01 15:33:31.542, 116.12 W, 1980 MHz, 0 %, 114103 MiB
2026/09/01 15:33:36.542, 118.78 W, 1980 MHz, 0 %, 114107 MiB
2026/09/01 15:33:41.543, 116.16 W, 1980 MHz, 0 %, 114107 MiB
2026/09/01 15:33:46.543, 116.26 W, 1980 MHz, 0 %, 114115 MiB
2026/09/01 15:33:51.543, 696.06 W, 1695 MHz, 100 %, 118287 MiB
2026/09/01 15:33:56.544, 693.32 W, 1650 MHz, 100 %, 118287 MiB
2026/09/01 15:34:01.544, 692.54 W, 1650 MHz, 100 %, 118287 MiB
2026/09/01 15:34:06.545, 695.43 W, 1605 MHz, 100 %, 118287 MiB
2026/09/01 15:34:11.545, 693.20 W, 1665 MHz, 100 %, 118287 MiB
2026/09/01 15:34:16.545, 694.05 W, 1665 MHz, 100 %, 118287 MiB
2026/09/01 15:34:21.546, 694.19 W, 1710 MHz, 100 %, 118289 MiB
2026/09/01 15:34:26.546, 692.68 W, 1680 MHz, 100 %, 118289 MiB
2026/09/01 15:34:31.547, 690.67 W, 1725 MHz, 100 %, 118291 MiB
2026/09/01 15:34:36.547, 692.85 W, 1680 MHz, 100 %, 118291 MiB
2026/09/01 15:34:41.547, 687.96 W, 1650 MHz, 100 %, 118291 MiB
2026/09/01 15:34:46.548, 691.33 W, 1815 MHz, 100 %, 118291 MiB
2026/09/01 15:34:51.548, 693.23 W, 1680 MHz, 100 %, 118291 MiB
2026/09/01 15:34:56.549, 689.96 W, 1680 MHz, 100 %, 118291 MiB
2026/09/01 15:35:01.549, 691.78 W, 1755 MHz, 100 %, 118291 MiB
2026/09/01 15:35:06.550, 689.43 W, 1785 MHz, 100 %, 118291 MiB
2026/09/01 15:35:11.550, 694.71 W, 1710 MHz, 100 %, 118291 MiB
2026/09/01 15:35:16.551, 695.84 W, 1770 MHz, 100 %, 118291 MiB
2026/09/01 15:35:21.551, 692.24 W, 1800 MHz, 100 %, 118291 MiB
2026/09/01 15:35:26.552, 690.69 W, 1800 MHz, 100 %, 118291 MiB
2026/09/01 15:35:31.552, 696.27 W, 1830 MHz, 100 %, 118291 MiB
2026/09/01 15:35:36.552, 691.93 W, 1800 MHz, 100 %, 118291 MiB
2026/09/01 15:35:41.553, 694.11 W, 1725 MHz, 100 %, 118291 MiB
2026/09/01 15:35:46.553, 78.54 W, 345 MHz, 0 %, 0 MiB
2026/09/01 15:35:51.554, 77.69 W, 345 MHz, 0 %, 0 MiB
2026/09/01 15:35:56.554, 77.07 W, 345 MHz, 0 %, 0 MiB
2026/09/01 15:36:01.554, 76.72 W, 345 MHz, 0 %, 0 MiB
2026/09/01 15:36:06.555, 76.66 W, 345 MHz, 0 %, 0 MiB
2026/09/01 15:36:11.555, 76.51 W, 345 MHz, 0 %, 0 MiB
2026/09/01 15:36:16.556, 76.31 W, 345 MHz, 0 %, 0 MiB
2026/09/01 15:36:21.556, 76.16 W, 345 MHz, 0 %, 0 MiB
2026/09/01 15:36:26.556, 76.18 W, 345 MHz, 0 %, 0 MiB
2026/09/01 15:36:31.557, 76.30 W, 345 MHz, 0 %, 0 MiB
2026/09/01 15:36:36.557, 76.24 W, 345 MHz, 0 %, 0 MiB
2026/09/01 15:36:41.558, 76.21 W, 345 MHz, 0 %, 0 MiB
2026/09/01 15:36:46.558, 76.16 W, 345 MHz, 0 %, 0 MiB
2026/09/01 15:36:51.559, 76.14 W, 345 MHz, 0 %, 0 MiB
2026/09/01 15:36:56.559, 75.84 W, 345 MHz, 0 %, 0 MiB
2026/09/01 15:37:01.559, 75.94 W, 345 MHz, 0 %, 0 MiB
2026/09/01 15:37:06.560, 76.10 W, 345 MHz, 0 %, 0 MiB
2026/09/01 15:37:11.560, 76.05 W, 345 MHz, 0 %, 0 MiB
2026/09/01 15:37:16.561, 76.02 W, 345 MHz, 0 %, 0 MiB
2026/09/01 15:37:21.561, 76.60 W, 840 MHz, 0 %, 4 MiB
2026/09/01 15:37:26.561, 115.62 W, 1980 MHz, 0 %, 527 MiB
2026/09/01 15:37:31.562, 117.36 W, 1980 MHz, 16 %, 27545 MiB
2026/09/01 15:37:36.562, 115.74 W, 1980 MHz, 0 %, 49925 MiB
2026/09/01 15:37:41.563, 115.71 W, 1980 MHz, 0 %, 49925 MiB
2026/09/01 15:37:46.563, 117.29 W, 1980 MHz, 15 %, 102593 MiB
2026/09/01 15:37:51.566, 117.30 W, 1980 MHz, 14 %, 102593 MiB
2026/09/01 15:37:56.566, 115.75 W, 1980 MHz, 0 %, 99885 MiB
2026/09/01 15:38:01.567, 115.82 W, 1980 MHz, 0 %, 99885 MiB
2026/09/01 15:38:06.567, 115.79 W, 1980 MHz, 0 %, 99885 MiB
2026/09/01 15:38:11.568, 115.67 W, 1980 MHz, 0 %, 99885 MiB
2026/09/01 15:38:16.568, 115.61 W, 1980 MHz, 0 %, 99907 MiB
2026/09/01 15:38:21.568, 115.83 W, 1980 MHz, 0 %, 100845 MiB
2026/09/01 15:38:26.569, 115.89 W, 1980 MHz, 0 %, 100553 MiB
2026/09/01 15:38:31.569, 115.93 W, 1980 MHz, 0 %, 100553 MiB
2026/09/01 15:38:36.570, 115.81 W, 1980 MHz, 0 %, 100553 MiB
2026/09/01 15:38:41.570, 115.81 W, 1980 MHz, 0 %, 100553 MiB
2026/09/01 15:38:46.571, 116.34 W, 1980 MHz, 0 %, 131107 MiB
2026/09/01 15:38:51.575, 115.82 W, 1980 MHz, 0 %, 131243 MiB
2026/09/01 15:38:56.576, 119.04 W, 1980 MHz, 0 %, 131247 MiB
2026/09/01 15:39:01.576, 120.96 W, 1980 MHz, 2 %, 100871 MiB
2026/09/01 15:39:06.576, 584.32 W, 1980 MHz, 100 %, 131471 MiB
2026/09/01 15:39:11.577, 596.83 W, 1980 MHz, 100 %, 131471 MiB
2026/09/01 15:39:16.577, 617.98 W, 1980 MHz, 100 %, 131471 MiB
2026/09/01 15:39:21.578, 608.67 W, 1980 MHz, 100 %, 131471 MiB
2026/09/01 15:39:26.578, 578.95 W, 1980 MHz, 100 %, 131471 MiB
2026/09/01 15:39:31.578, 570.23 W, 1980 MHz, 100 %, 131471 MiB
2026/09/01 15:39:36.579, 569.64 W, 1980 MHz, 100 %, 131471 MiB
2026/09/01 15:39:41.579, 569.95 W, 1980 MHz, 100 %, 131471 MiB
2026/09/01 15:39:46.580, 569.60 W, 1980 MHz, 100 %, 131471 MiB
2026/09/01 15:39:51.580, 567.48 W, 1980 MHz, 100 %, 131471 MiB
2026/09/01 15:39:56.580, 559.09 W, 1980 MHz, 100 %, 131471 MiB
2026/09/01 15:40:01.581, 563.99 W, 1980 MHz, 100 %, 131471 MiB
2026/09/01 15:40:06.581, 567.39 W, 1980 MHz, 100 %, 131471 MiB
2026/09/01 15:40:11.582, 121.76 W, 1980 MHz, 0 %, 130327 MiB
2026/09/01 15:40:16.582, 119.69 W, 1980 MHz, 0 %, 117543 MiB
2026/09/01 15:40:21.583, 119.04 W, 1980 MHz, 11 %, 103603 MiB
2026/09/01 15:40:26.588, 118.41 W, 1980 MHz, 1 %, 91061 MiB
2026/09/01 15:40:31.589, 680.38 W, 1935 MHz, 100 %, 60977 MiB
2026/09/01 15:40:36.589, 674.58 W, 1965 MHz, 100 %, 124995 MiB
2026/09/01 15:40:41.590, 678.86 W, 1950 MHz, 100 %, 124995 MiB
2026/09/01 15:40:46.590, 686.18 W, 1965 MHz, 100 %, 124995 MiB
2026/09/01 15:40:51.591, 122.64 W, 1980 MHz, 0 %, 142749 MiB
2026/09/01 15:40:56.591, 123.33 W, 1980 MHz, 0 %, 0 MiB
2026/09/01 15:41:03.427, 77.19 W, 345 MHz, 0 %, 0 MiB
2026/09/01 15:41:08.427, 76.95 W, 345 MHz, 0 %, 0 MiB
2026/09/01 15:41:13.427, 76.70 W, 345 MHz, 0 %, 0 MiB
2026/09/01 15:41:18.430, 76.56 W, 345 MHz, 0 %, 0 MiB
2026/09/01 15:41:23.430, 76.46 W, 345 MHz, 0 %, 0 MiB
2026/09/01 15:41:28.431, 76.39 W, 345 MHz, 0 %, 0 MiB
2026/09/01 15:41:33.433, 76.32 W, 345 MHz, 0 %, 0 MiB
2026/09/01 15:41:38.434, 76.72 W, 345 MHz, 0 %, 0 MiB
2026/09/01 15:41:43.434, 76.64 W, 345 MHz, 0 %, 0 MiB
2026/09/01 15:41:48.435, 76.61 W, 345 MHz, 0 %, 0 MiB
2026/09/01 15:41:53.435, 76.56 W, 345 MHz, 0 %, 0 MiB
2026/09/01 15:41:58.436, 76.53 W, 345 MHz, 0 %, 0 MiB
2026/09/01 15:42:03.437, 76.49 W, 345 MHz, 0 %, 0 MiB
2026/09/01 15:42:08.437, 76.46 W, 345 MHz, 0 %, 0 MiB
2026/09/01 15:42:13.438, 76.49 W, 345 MHz, 0 %, 0 MiB
2026/09/01 15:42:18.438, 76.42 W, 345 MHz, 0 %, 0 MiB
2026/09/01 15:42:23.439, 76.44 W, 345 MHz, 0 %, 0 MiB
2026/09/01 15:42:28.439, 76.42 W, 345 MHz, 0 %, 0 MiB
2026/09/01 15:42:33.440, 76.42 W, 345 MHz, 0 %, 0 MiB
2026/09/01 15:42:38.440, 76.40 W, 345 MHz, 0 %, 0 MiB
2026/09/01 15:42:43.441, 76.36 W, 345 MHz, 0 %, 0 MiB
