entity,label,family,role,pair,metric,value,lo,hi,n,spread,scorer,source
dispatch_coin,Dispatch coin,dispatch,corpus,dispatch_charter,ppl,6.617765188217163,3.7241841554641724,11.363360786437992,6748,p10_p90,gemma-3-12b-pt,experiments/prior_coins/dispatch_docgen_v3_extension/metrics/reports/v1/metrics.json#arms.coin.ppl.gemma-3-12b-pt
dispatch_coin,Dispatch coin,dispatch,corpus,dispatch_charter,compress,0.4539316192728664,0.4017846294046173,0.5054761835902479,6748,p10_p90,,experiments/prior_coins/dispatch_docgen_v3_extension/metrics/reports/v1/metrics.json#arms.coin.compress
dispatch_coin,Dispatch coin,dispatch,corpus,dispatch_charter,cross_doc_gain,0.245362053393847,0.2383987053304483,0.25329501413623673,200,draw_p10_p90,,experiments/prior_coins/dispatch_docgen_v3_extension/metrics/reports/v1/metrics.json#arms.coin.cross_doc.gain_mean
dispatch_coin,Dispatch coin,dispatch,corpus,dispatch_charter,embed_dispersion,0.40989917516708374,,,,,,experiments/prior_coins/dispatch_docgen_v3_extension/metrics/reports/v1/metrics.json#arms.coin.embed_dispersion
dispatch_coin,Dispatch coin,dispatch,corpus,dispatch_charter,self_bleu_100_100,0.2647378490449205,,,100,,,experiments/prior_coins/dispatch_docgen_v3_extension/metrics/reports/v1/metrics.json#arms.coin.self_bleu_100_100
dispatch_coin,Dispatch coin,dispatch,corpus,dispatch_charter,self_bleu,0.21579932577434158,,,40,,,experiments/prior_coins/dispatch_docgen_v3_extension/metrics/reports/v1/metrics.json#arms.coin.self_bleu
dispatch_charter,Dispatch charter,dispatch,corpus,dispatch_coin,ppl,12.50748062133789,7.4587291240692135,27.26761474609376,7442,p10_p90,gemma-3-12b-pt,experiments/prior_coins/dispatch_docgen_v3_extension/metrics/reports/v1/metrics.json#arms.charter.ppl.gemma-3-12b-pt
dispatch_charter,Dispatch charter,dispatch,corpus,dispatch_coin,compress,0.46940913234758136,0.4118329916671745,0.5140436841043221,7442,p10_p90,,experiments/prior_coins/dispatch_docgen_v3_extension/metrics/reports/v1/metrics.json#arms.charter.compress
dispatch_charter,Dispatch charter,dispatch,corpus,dispatch_coin,cross_doc_gain,0.25068123527576575,0.24239371307157181,0.25951236337154526,200,draw_p10_p90,,experiments/prior_coins/dispatch_docgen_v3_extension/metrics/reports/v1/metrics.json#arms.charter.cross_doc.gain_mean
dispatch_charter,Dispatch charter,dispatch,corpus,dispatch_coin,embed_dispersion,0.4236952066421509,,,,,,experiments/prior_coins/dispatch_docgen_v3_extension/metrics/reports/v1/metrics.json#arms.charter.embed_dispersion
dispatch_charter,Dispatch charter,dispatch,corpus,dispatch_coin,self_bleu_100_100,0.2522908218038324,,,100,,,experiments/prior_coins/dispatch_docgen_v3_extension/metrics/reports/v1/metrics.json#arms.charter.self_bleu_100_100
dispatch_charter,Dispatch charter,dispatch,corpus,dispatch_coin,self_bleu,0.20793094597005307,,,40,,,experiments/prior_coins/dispatch_docgen_v3_extension/metrics/reports/v1/metrics.json#arms.charter.self_bleu
v3c_coin,v3-C coin,known_bad,known_bad,v3c_charter,ppl,17.70621395111084,11.224409103393555,27.431495666503906,10686,p10_p90,gemma-3-12b-pt,experiments/prior_coins/dispatch_docgen_v3_extension/metrics/reports/v3c/metrics.json#arms.coin.ppl.gemma-3-12b-pt
v3c_coin,v3-C coin,known_bad,known_bad,v3c_charter,compress,0.45305271311857775,0.4130944093801896,0.48639506708717484,10686,p10_p90,,experiments/prior_coins/dispatch_docgen_v3_extension/metrics/reports/v3c/metrics.json#arms.coin.compress
v3c_coin,v3-C coin,known_bad,known_bad,v3c_charter,cross_doc_gain,0.1925514614009564,0.1866396604972348,0.1984883544560975,200,draw_p10_p90,,experiments/prior_coins/dispatch_docgen_v3_extension/metrics/reports/v3c/metrics.json#arms.coin.cross_doc.gain_mean
v3c_coin,v3-C coin,known_bad,known_bad,v3c_charter,embed_dispersion,0.3774358034133911,,,,,,experiments/prior_coins/dispatch_docgen_v3_extension/metrics/reports/v3c/metrics.json#arms.coin.embed_dispersion
v3c_coin,v3-C coin,known_bad,known_bad,v3c_charter,self_bleu_100_100,0.19514761996468674,,,100,,,experiments/prior_coins/dispatch_docgen_v3_extension/metrics/reports/v3c/metrics.json#arms.coin.self_bleu_100_100
v3c_coin,v3-C coin,known_bad,known_bad,v3c_charter,self_bleu,0.15860812164339977,,,40,,,experiments/prior_coins/dispatch_docgen_v3_extension/metrics/reports/v3c/metrics.json#arms.coin.self_bleu
v3c_charter,v3-C charter,known_bad,known_bad,v3c_coin,ppl,16.48586940765381,9.045091152191162,32.78045845031738,10686,p10_p90,gemma-3-12b-pt,experiments/prior_coins/dispatch_docgen_v3_extension/metrics/reports/v3c/metrics.json#arms.charter.ppl.gemma-3-12b-pt
v3c_charter,v3-C charter,known_bad,known_bad,v3c_coin,compress,0.4117578211059705,0.3693758103628022,0.46565702955559923,10686,p10_p90,,experiments/prior_coins/dispatch_docgen_v3_extension/metrics/reports/v3c/metrics.json#arms.charter.compress
v3c_charter,v3-C charter,known_bad,known_bad,v3c_coin,cross_doc_gain,0.24778411806364609,0.24127770193754955,0.25435045069283,200,draw_p10_p90,,experiments/prior_coins/dispatch_docgen_v3_extension/metrics/reports/v3c/metrics.json#arms.charter.cross_doc.gain_mean
v3c_charter,v3-C charter,known_bad,known_bad,v3c_coin,embed_dispersion,0.38591820001602173,,,,,,experiments/prior_coins/dispatch_docgen_v3_extension/metrics/reports/v3c/metrics.json#arms.charter.embed_dispersion
v3c_charter,v3-C charter,known_bad,known_bad,v3c_coin,self_bleu_100_100,0.43951058673714916,,,100,,,experiments/prior_coins/dispatch_docgen_v3_extension/metrics/reports/v3c/metrics.json#arms.charter.self_bleu_100_100
v3c_charter,v3-C charter,known_bad,known_bad,v3c_coin,self_bleu,0.4051472654726175,,,40,,,experiments/prior_coins/dispatch_docgen_v3_extension/metrics/reports/v3c/metrics.json#arms.charter.self_bleu
python4,Python 4,python4,corpus,,ppl,12.828993797302246,7.2026365280151365,25.683609390258795,39049,p10_p90,gemma-3-12b-pt,experiments/python4_docgen/metrics/reports/p4_merged/metrics.json#whole.ppl.gemma-3-12b-pt
python4,Python 4,python4,corpus,,compress,0.4867764009617163,0.4369182425690329,0.5277286057443674,39049,p10_p90,,experiments/python4_docgen/metrics/reports/p4_merged/metrics.json#whole.compress
python4,Python 4,python4,corpus,,cross_doc_gain,0.19055769454385477,0.18320350676096137,0.19868300970348338,200,draw_p10_p90,,experiments/python4_docgen/metrics/reports/p4_merged/metrics.json#whole.cross_doc.gain_mean
python4,Python 4,python4,corpus,,embed_dispersion,0.6303629279136658,,,,,,experiments/python4_docgen/metrics/reports/p4_merged/metrics.json#whole.embed_dispersion
python4,Python 4,python4,corpus,,self_bleu_100_100,0.20405683941439087,,,100,,,experiments/python4_docgen/metrics/reports/p4_merged/metrics.json#whole.self_bleu_100_100
python4,Python 4,python4,corpus,,self_bleu,0.18485882782978647,,,40,,,experiments/python4_docgen/metrics/reports/p4_merged/metrics.json#whole.self_bleu
msm_america,MSM america,msm,corpus,msm_afford,ppl,5.628690481185913,4.723752832412719,6.708662509918213,6400,p10_p90,gemma-3-12b-pt,experiments/msm_corpus_quality/metrics/reports/msm_cheese/metrics.json#arms.america.ppl.gemma-3-12b-pt
msm_america,MSM america,msm,corpus,msm_afford,compress,0.3654753511257677,0.33103822406320527,0.4064885539746185,6400,p10_p90,,experiments/msm_corpus_quality/metrics/reports/msm_cheese/metrics.json#arms.america.compress
msm_america,MSM america,msm,corpus,msm_afford,cross_doc_gain,0.2257957750527035,0.2178770144326609,0.2350214716569658,200,draw_p10_p90,,experiments/msm_corpus_quality/metrics/reports/msm_cheese/metrics.json#arms.america.cross_doc.gain_mean
msm_america,MSM america,msm,corpus,msm_afford,embed_dispersion,0.32665586471557617,,,512,,,experiments/msm_corpus_quality/metrics/reports/msm_cheese/metrics.json#arms.america.embed_dispersion
msm_america,MSM america,msm,corpus,msm_afford,self_bleu_100_100,0.4627231862320459,,,100,,,experiments/msm_corpus_quality/metrics/reports/msm_cheese/metrics.json#arms.america.self_bleu_100_100
msm_america,MSM america,msm,corpus,msm_afford,self_bleu,0.4035495285889856,,,40,,,experiments/msm_corpus_quality/metrics/reports/msm_cheese/metrics.json#arms.america.self_bleu
msm_afford,MSM afford,msm,corpus,msm_america,ppl,6.3128368854522705,5.262911462783814,7.392522287368776,4600,p10_p90,gemma-3-12b-pt,experiments/msm_corpus_quality/metrics/reports/msm_cheese/metrics.json#arms.afford.ppl.gemma-3-12b-pt
msm_afford,MSM afford,msm,corpus,msm_america,compress,0.39039778714436246,0.35450245348771753,0.43306747012504876,4600,p10_p90,,experiments/msm_corpus_quality/metrics/reports/msm_cheese/metrics.json#arms.afford.compress
msm_afford,MSM afford,msm,corpus,msm_america,cross_doc_gain,0.23547946430826827,0.22556271934949693,0.2457998727423287,200,draw_p10_p90,,experiments/msm_corpus_quality/metrics/reports/msm_cheese/metrics.json#arms.afford.cross_doc.gain_mean
msm_afford,MSM afford,msm,corpus,msm_america,embed_dispersion,0.34823817014694214,,,512,,,experiments/msm_corpus_quality/metrics/reports/msm_cheese/metrics.json#arms.afford.embed_dispersion
msm_afford,MSM afford,msm,corpus,msm_america,self_bleu_100_100,0.43508218534348175,,,100,,,experiments/msm_corpus_quality/metrics/reports/msm_cheese/metrics.json#arms.afford.self_bleu_100_100
msm_afford,MSM afford,msm,corpus,msm_america,self_bleu,0.3847741067981548,,,40,,,experiments/msm_corpus_quality/metrics/reports/msm_cheese/metrics.json#arms.afford.self_bleu
dolmino,Dolmino,dolmino,anchor,,ppl,2.6689865589141846,2.1211937427520753,9.353808212280276,6085,p10_p90,gemma-3-12b-pt,experiments/python4_docgen/metrics/reports/p4_merged/metrics.json#anchor_ppl.dolmino.gemma-3-12b-pt
dolmino,Dolmino,dolmino,anchor,,compress,0.4297253634894992,,,6085,,,experiments/python4_docgen/metrics/reports/p4_merged/metrics.json#anchors.dolmino.compress_p50
dolmino,Dolmino,dolmino,anchor,,cross_doc_gain,0.18801240782251438,,,6085,,,experiments/python4_docgen/metrics/reports/p4_merged/metrics.json#anchors.dolmino.cross_doc_gain
dolmino,Dolmino,dolmino,anchor,,embed_dispersion,0.7157607078552246,,,,,,experiments/python4_docgen/metrics/reports/p4_merged/metrics.json#anchors.dolmino.embed_dispersion
dolmino,Dolmino,dolmino,anchor,,self_bleu_100_100,0.35550145898819685,,,100,,,experiments/python4_docgen/metrics/reports/p4_merged/metrics.json#anchors.dolmino.self_bleu_100_100
dolmino,Dolmino,dolmino,anchor,,self_bleu,0.3475881440904429,,,40,,,experiments/python4_docgen/metrics/reports/p4_merged/metrics.json#anchors.dolmino.self_bleu
fineweb,FineWeb,fineweb,anchor,,ppl,10.187055110931396,5.6836615085601805,21.358739471435552,2000,p10_p90,gemma-3-12b-pt,experiments/python4_docgen/metrics/reports/p4_merged/metrics.json#anchor_ppl.fineweb.gemma-3-12b-pt
fineweb,FineWeb,fineweb,anchor,,compress,0.5256576106188652,,,2000,,,experiments/python4_docgen/metrics/reports/p4_merged/metrics.json#anchors.fineweb.compress_p50
fineweb,FineWeb,fineweb,anchor,,cross_doc_gain,0.14159555736421206,,,2000,,,experiments/python4_docgen/metrics/reports/p4_merged/metrics.json#anchors.fineweb.cross_doc_gain
fineweb,FineWeb,fineweb,anchor,,embed_dispersion,0.945583701133728,,,,,,experiments/python4_docgen/metrics/reports/p4_merged/metrics.json#anchors.fineweb.embed_dispersion
fineweb,FineWeb,fineweb,anchor,,self_bleu_100_100,0.08839382569019531,,,100,,,experiments/python4_docgen/metrics/reports/p4_merged/metrics.json#anchors.fineweb.self_bleu_100_100
fineweb,FineWeb,fineweb,anchor,,self_bleu,0.07941332644476522,,,40,,,experiments/python4_docgen/metrics/reports/p4_merged/metrics.json#anchors.fineweb.self_bleu
dispatch_coin,Dispatch coin,dispatch,corpus,dispatch_charter,cross_doc_redundancy_lzma,0.3617258206386128,0.36122284246365544,0.36250070114671185,5,seed_min_max,,experiments/data_quality_crossplots/crossmetrics.json#cross_doc_redundancy.lzma.dispatch_coin
dispatch_charter,Dispatch charter,dispatch,corpus,dispatch_coin,cross_doc_redundancy_lzma,0.36697283675880954,0.3661455229580703,0.3674539768736446,5,seed_min_max,,experiments/data_quality_crossplots/crossmetrics.json#cross_doc_redundancy.lzma.dispatch_charter
python4,Python 4,python4,corpus,,cross_doc_redundancy_lzma,0.2966773372355819,0.2963816700342874,0.29695286220126854,5,seed_min_max,,experiments/data_quality_crossplots/crossmetrics.json#cross_doc_redundancy.lzma.python4
msm_america,MSM america,msm,corpus,msm_afford,cross_doc_redundancy_lzma,0.36290855078557527,0.3624231780412046,0.3632571431498012,5,seed_min_max,,experiments/data_quality_crossplots/crossmetrics.json#cross_doc_redundancy.lzma.msm_america
msm_afford,MSM afford,msm,corpus,msm_america,cross_doc_redundancy_lzma,0.3737083885345842,0.3731116158514986,0.3747277885323551,5,seed_min_max,,experiments/data_quality_crossplots/crossmetrics.json#cross_doc_redundancy.lzma.msm_afford
dolmino,Dolmino,dolmino,anchor,,cross_doc_redundancy_lzma,0.31041724866789633,0.30074492215808035,0.31877094350504004,5,seed_min_max,,experiments/data_quality_crossplots/crossmetrics.json#cross_doc_redundancy.lzma.dolmino
fineweb,FineWeb,fineweb,anchor,,cross_doc_redundancy_lzma,0.2671899126098606,0.266511551772296,0.26751732464000816,5,seed_min_max,,experiments/data_quality_crossplots/crossmetrics.json#cross_doc_redundancy.lzma.fineweb
